id,session_id,speaker,text,lang,created_at
1,78d63c03-b667-4edd-ba17-0d25fcd0073f,learner,"I am interested in this trade, but my parents want to know more.",te,2024-04-08T08:59:41
2,78d63c03-b667-4edd-ba17-0d25fcd0073f,parent,Is this a respectable job? Will he actually earn enough?,te,2024-04-08T09:01:41
3,78d63c03-b667-4edd-ba17-0d25fcd0073f,ai,I understand your concern. Let's look at verified local data for your area.,te,2024-04-08T09:03:41
4,78d63c03-b667-4edd-ba17-0d25fcd0073f,parent,"What if he gets injured, or can't study further?",te,2024-04-08T09:05:41
5,78d63c03-b667-4edd-ba17-0d25fcd0073f,ai,All centres follow strict safety protocols and this leads to diploma lateral entry.,te,2024-04-08T09:07:41
6,41f3cf47-9b1e-49c5-8a28-666e035b1120,learner,"I am interested in this trade, but my parents want to know more.",hi,2024-06-23T04:41:16
7,41f3cf47-9b1e-49c5-8a28-666e035b1120,parent,Is this a respectable job? Will he actually earn enough?,hi,2024-06-23T04:43:16
8,41f3cf47-9b1e-49c5-8a28-666e035b1120,ai,I understand your concern. Let's look at verified local data for your area.,hi,2024-06-23T04:45:16
9,41f3cf47-9b1e-49c5-8a28-666e035b1120,parent,"What if he gets injured, or can't study further?",hi,2024-06-23T04:47:16
10,41f3cf47-9b1e-49c5-8a28-666e035b1120,ai,All centres follow strict safety protocols and this leads to diploma lateral entry.,hi,2024-06-23T04:49:16
11,aef33966-5ebc-4232-95dd-acb9eef36041,learner,"I am interested in this trade, but my parents want to know more.",en,2024-05-12T18:21:16
12,aef33966-5ebc-4232-95dd-acb9eef36041,parent,Is this a respectable job? Will he actually earn enough?,en,2024-05-12T18:23:16
13,aef33966-5ebc-4232-95dd-acb9eef36041,ai,I understand your concern. Let's look at verified local data for your area.,en,2024-05-12T18:25:16
14,aef33966-5ebc-4232-95dd-acb9eef36041,parent,"What if he gets injured, or can't study further?",en,2024-05-12T18:27:16
15,aef33966-5ebc-4232-95dd-acb9eef36041,ai,All centres follow strict safety protocols and this leads to diploma lateral entry.,en,2024-05-12T18:29:16
16,3b9a109f-4688-4a2a-bf82-269523e041ea,learner,"I am interested in this trade, but my parents want to know more.",te,2024-07-16T05:11:24
17,3b9a109f-4688-4a2a-bf82-269523e041ea,parent,Is this a respectable job? Will he actually earn enough?,te,2024-07-16T05:13:24
18,3b9a109f-4688-4a2a-bf82-269523e041ea,ai,I understand your concern. Let's look at verified local data for your area.,te,2024-07-16T05:15:24
19,3b9a109f-4688-4a2a-bf82-269523e041ea,parent,"What if he gets injured, or can't study further?",te,2024-07-16T05:17:24
20,3b9a109f-4688-4a2a-bf82-269523e041ea,ai,All centres follow strict safety protocols and this leads to diploma lateral entry.,te,2024-07-16T05:19:24
21,46cdc4be-4e66-4526-b12d-11c352d9409e,learner,"I am interested in this trade, but my parents want to know more.",en,2024-06-03T01:47:31
22,46cdc4be-4e66-4526-b12d-11c352d9409e,parent,Is this a respectable job? Will he actually earn enough?,en,2024-06-03T01:49:31
23,46cdc4be-4e66-4526-b12d-11c352d9409e,ai,I understand your concern. Let's look at verified local data for your area.,en,2024-06-03T01:51:31
24,46cdc4be-4e66-4526-b12d-11c352d9409e,parent,"What if he gets injured, or can't study further?",en,2024-06-03T01:53:31
25,46cdc4be-4e66-4526-b12d-11c352d9409e,ai,All centres follow strict safety protocols and this leads to diploma lateral entry.,en,2024-06-03T01:55:31
26,ff4b93e8-9404-4c2a-8660-090c92eb4a7d,learner,"I am interested in this trade, but my parents want to know more.",te,2024-02-02T03:58:01
27,ff4b93e8-9404-4c2a-8660-090c92eb4a7d,parent,Is this a respectable job? Will he actually earn enough?,te,2024-02-02T04:00:01
28,ff4b93e8-9404-4c2a-8660-090c92eb4a7d,ai,I understand your concern. Let's look at verified local data for your area.,te,2024-02-02T04:02:01
29,ff4b93e8-9404-4c2a-8660-090c92eb4a7d,parent,"What if he gets injured, or can't study further?",te,2024-02-02T04:04:01
30,ff4b93e8-9404-4c2a-8660-090c92eb4a7d,ai,All centres follow strict safety protocols and this leads to diploma lateral entry.,te,2024-02-02T04:06:01
31,da1fce8e-8c13-43ec-8c90-0d3a2373c467,learner,"I am interested in this trade, but my parents want to know more.",en,2024-05-24T08:03:17
32,da1fce8e-8c13-43ec-8c90-0d3a2373c467,parent,Is this a respectable job? Will he actually earn enough?,en,2024-05-24T08:05:17
33,da1fce8e-8c13-43ec-8c90-0d3a2373c467,ai,I understand your concern. Let's look at verified local data for your area.,en,2024-05-24T08:07:17
34,da1fce8e-8c13-43ec-8c90-0d3a2373c467,parent,"What if he gets injured, or can't study further?",en,2024-05-24T08:09:17
35,da1fce8e-8c13-43ec-8c90-0d3a2373c467,ai,All centres follow strict safety protocols and this leads to diploma lateral entry.,en,2024-05-24T08:11:17
36,f89a27a9-c96c-4212-ac53-f15d0e03875c,learner,"I am interested in this trade, but my parents want to know more.",hi,2024-01-05T16:22:42
37,f89a27a9-c96c-4212-ac53-f15d0e03875c,parent,Is this a respectable job? Will he actually earn enough?,hi,2024-01-05T16:24:42
38,f89a27a9-c96c-4212-ac53-f15d0e03875c,ai,I understand your concern. Let's look at verified local data for your area.,hi,2024-01-05T16:26:42
39,f89a27a9-c96c-4212-ac53-f15d0e03875c,parent,"What if he gets injured, or can't study further?",hi,2024-01-05T16:28:42
40,f89a27a9-c96c-4212-ac53-f15d0e03875c,ai,All centres follow strict safety protocols and this leads to diploma lateral entry.,hi,2024-01-05T16:30:42
41,5d25c9ff-1a17-44b6-9cc5-37da0d81d308,learner,"I am interested in this trade, but my parents want to know more.",te,2024-05-31T09:03:01
42,5d25c9ff-1a17-44b6-9cc5-37da0d81d308,parent,Is this a respectable job? Will he actually earn enough?,te,2024-05-31T09:05:01
43,5d25c9ff-1a17-44b6-9cc5-37da0d81d308,ai,I understand your concern. Let's look at verified local data for your area.,te,2024-05-31T09:07:01
44,5d25c9ff-1a17-44b6-9cc5-37da0d81d308,parent,"What if he gets injured, or can't study further?",te,2024-05-31T09:09:01
45,5d25c9ff-1a17-44b6-9cc5-37da0d81d308,ai,All centres follow strict safety protocols and this leads to diploma lateral entry.,te,2024-05-31T09:11:01
46,56ca8472-14ad-4f1b-9277-959b8ed9f086,learner,"I am interested in this trade, but my parents want to know more.",en,2024-09-10T17:51:42
47,56ca8472-14ad-4f1b-9277-959b8ed9f086,parent,Is this a respectable job? Will he actually earn enough?,en,2024-09-10T17:53:42
48,56ca8472-14ad-4f1b-9277-959b8ed9f086,ai,I understand your concern. Let's look at verified local data for your area.,en,2024-09-10T17:55:42
49,56ca8472-14ad-4f1b-9277-959b8ed9f086,parent,"What if he gets injured, or can't study further?",en,2024-09-10T17:57:42
50,56ca8472-14ad-4f1b-9277-959b8ed9f086,ai,All centres follow strict safety protocols and this leads to diploma lateral entry.,en,2024-09-10T17:59:42
51,636169fd-c019-48d6-b290-cccc7b0532dc,learner,"I am interested in this trade, but my parents want to know more.",te,2024-05-10T02:52:29
52,636169fd-c019-48d6-b290-cccc7b0532dc,parent,Is this a respectable job? Will he actually earn enough?,te,2024-05-10T02:54:29
53,636169fd-c019-48d6-b290-cccc7b0532dc,ai,I understand your concern. Let's look at verified local data for your area.,te,2024-05-10T02:56:29
54,636169fd-c019-48d6-b290-cccc7b0532dc,parent,"What if he gets injured, or can't study further?",te,2024-05-10T02:58:29
55,636169fd-c019-48d6-b290-cccc7b0532dc,ai,All centres follow strict safety protocols and this leads to diploma lateral entry.,te,2024-05-10T03:00:29
56,d8a53ef5-54bb-4537-9f91-e941a3df1d72,learner,"I am interested in this trade, but my parents want to know more.",hi,2024-06-20T05:48:32
57,d8a53ef5-54bb-4537-9f91-e941a3df1d72,parent,Is this a respectable job? Will he actually earn enough?,hi,2024-06-20T05:50:32
58,d8a53ef5-54bb-4537-9f91-e941a3df1d72,ai,I understand your concern. Let's look at verified local data for your area.,hi,2024-06-20T05:52:32
59,d8a53ef5-54bb-4537-9f91-e941a3df1d72,parent,"What if he gets injured, or can't study further?",hi,2024-06-20T05:54:32
60,d8a53ef5-54bb-4537-9f91-e941a3df1d72,ai,All centres follow strict safety protocols and this leads to diploma lateral entry.,hi,2024-06-20T05:56:32
61,56d52e61-4efc-4c7a-a6b6-ca4a8c28ae56,learner,"I am interested in this trade, but my parents want to know more.",en,2024-08-06T08:52:52
62,56d52e61-4efc-4c7a-a6b6-ca4a8c28ae56,parent,Is this a respectable job? Will he actually earn enough?,en,2024-08-06T08:54:52
63,56d52e61-4efc-4c7a-a6b6-ca4a8c28ae56,ai,I understand your concern. Let's look at verified local data for your area.,en,2024-08-06T08:56:52
64,56d52e61-4efc-4c7a-a6b6-ca4a8c28ae56,parent,"What if he gets injured, or can't study further?",en,2024-08-06T08:58:52
65,56d52e61-4efc-4c7a-a6b6-ca4a8c28ae56,ai,All centres follow strict safety protocols and this leads to diploma lateral entry.,en,2024-08-06T09:00:52
66,8e6abb79-9af0-4874-860a-0eb52abf897c,learner,"I am interested in this trade, but my parents want to know more.",en,2024-08-01T17:01:00
67,8e6abb79-9af0-4874-860a-0eb52abf897c,parent,Is this a respectable job? Will he actually earn enough?,en,2024-08-01T17:03:00
68,8e6abb79-9af0-4874-860a-0eb52abf897c,ai,I understand your concern. Let's look at verified local data for your area.,en,2024-08-01T17:05:00
69,8e6abb79-9af0-4874-860a-0eb52abf897c,parent,"What if he gets injured, or can't study further?",en,2024-08-01T17:07:00
70,8e6abb79-9af0-4874-860a-0eb52abf897c,ai,All centres follow strict safety protocols and this leads to diploma lateral entry.,en,2024-08-01T17:09:00
71,a2d132ce-b6d9-4c47-8805-df210b05c742,learner,"I am interested in this trade, but my parents want to know more.",en,2024-08-10T12:31:38
72,a2d132ce-b6d9-4c47-8805-df210b05c742,parent,Is this a respectable job? Will he actually earn enough?,en,2024-08-10T12:33:38
73,a2d132ce-b6d9-4c47-8805-df210b05c742,ai,I understand your concern. Let's look at verified local data for your area.,en,2024-08-10T12:35:38
74,a2d132ce-b6d9-4c47-8805-df210b05c742,parent,"What if he gets injured, or can't study further?",en,2024-08-10T12:37:38
75,a2d132ce-b6d9-4c47-8805-df210b05c742,ai,All centres follow strict safety protocols and this leads to diploma lateral entry.,en,2024-08-10T12:39:38
76,d281e579-de20-4a9d-8b5e-8fa2954b0533,learner,"I am interested in this trade, but my parents want to know more.",en,2024-02-19T07:29:04
77,d281e579-de20-4a9d-8b5e-8fa2954b0533,parent,Is this a respectable job? Will he actually earn enough?,en,2024-02-19T07:31:04
78,d281e579-de20-4a9d-8b5e-8fa2954b0533,ai,I understand your concern. Let's look at verified local data for your area.,en,2024-02-19T07:33:04
79,d281e579-de20-4a9d-8b5e-8fa2954b0533,parent,"What if he gets injured, or can't study further?",en,2024-02-19T07:35:04
80,d281e579-de20-4a9d-8b5e-8fa2954b0533,ai,All centres follow strict safety protocols and this leads to diploma lateral entry.,en,2024-02-19T07:37:04
81,633718ad-3093-48f4-b4c6-3c00c7b618cb,learner,"I am interested in this trade, but my parents want to know more.",hi,2024-01-20T00:31:06
82,633718ad-3093-48f4-b4c6-3c00c7b618cb,parent,Is this a respectable job? Will he actually earn enough?,hi,2024-01-20T00:33:06
83,633718ad-3093-48f4-b4c6-3c00c7b618cb,ai,I understand your concern. Let's look at verified local data for your area.,hi,2024-01-20T00:35:06
84,633718ad-3093-48f4-b4c6-3c00c7b618cb,parent,"What if he gets injured, or can't study further?",hi,2024-01-20T00:37:06
85,633718ad-3093-48f4-b4c6-3c00c7b618cb,ai,All centres follow strict safety protocols and this leads to diploma lateral entry.,hi,2024-01-20T00:39:06
86,d45f6abe-2ef1-4f15-abe9-9769829fcc15,learner,"I am interested in this trade, but my parents want to know more.",hi,2024-08-20T13:12:18
87,d45f6abe-2ef1-4f15-abe9-9769829fcc15,parent,Is this a respectable job? Will he actually earn enough?,hi,2024-08-20T13:14:18
88,d45f6abe-2ef1-4f15-abe9-9769829fcc15,ai,I understand your concern. Let's look at verified local data for your area.,hi,2024-08-20T13:16:18
89,d45f6abe-2ef1-4f15-abe9-9769829fcc15,parent,"What if he gets injured, or can't study further?",hi,2024-08-20T13:18:18
90,d45f6abe-2ef1-4f15-abe9-9769829fcc15,ai,All centres follow strict safety protocols and this leads to diploma lateral entry.,hi,2024-08-20T13:20:18
91,1934650e-bf9b-4fa3-ad2c-d5a68b3d05a9,learner,"I am interested in this trade, but my parents want to know more.",te,2024-05-21T01:09:33
92,1934650e-bf9b-4fa3-ad2c-d5a68b3d05a9,parent,Is this a respectable job? Will he actually earn enough?,te,2024-05-21T01:11:33
93,1934650e-bf9b-4fa3-ad2c-d5a68b3d05a9,ai,I understand your concern. Let's look at verified local data for your area.,te,2024-05-21T01:13:33
94,1934650e-bf9b-4fa3-ad2c-d5a68b3d05a9,parent,"What if he gets injured, or can't study further?",te,2024-05-21T01:15:33
95,1934650e-bf9b-4fa3-ad2c-d5a68b3d05a9,ai,All centres follow strict safety protocols and this leads to diploma lateral entry.,te,2024-05-21T01:17:33
96,5baaabb5-f7a5-4347-90be-dc00761a5864,learner,"I am interested in this trade, but my parents want to know more.",hi,2024-06-26T20:42:27
97,5baaabb5-f7a5-4347-90be-dc00761a5864,parent,Is this a respectable job? Will he actually earn enough?,hi,2024-06-26T20:44:27
98,5baaabb5-f7a5-4347-90be-dc00761a5864,ai,I understand your concern. Let's look at verified local data for your area.,hi,2024-06-26T20:46:27
99,5baaabb5-f7a5-4347-90be-dc00761a5864,parent,"What if he gets injured, or can't study further?",hi,2024-06-26T20:48:27
100,5baaabb5-f7a5-4347-90be-dc00761a5864,ai,All centres follow strict safety protocols and this leads to diploma lateral entry.,hi,2024-06-26T20:50:27
101,49b87f9d-4cdf-43fc-b456-035f2e2704ad,learner,"I am interested in this trade, but my parents want to know more.",te,2024-02-11T16:14:17
102,49b87f9d-4cdf-43fc-b456-035f2e2704ad,parent,Is this a respectable job? Will he actually earn enough?,te,2024-02-11T16:16:17
103,49b87f9d-4cdf-43fc-b456-035f2e2704ad,ai,I understand your concern. Let's look at verified local data for your area.,te,2024-02-11T16:18:17
104,49b87f9d-4cdf-43fc-b456-035f2e2704ad,parent,"What if he gets injured, or can't study further?",te,2024-02-11T16:20:17
105,49b87f9d-4cdf-43fc-b456-035f2e2704ad,ai,All centres follow strict safety protocols and this leads to diploma lateral entry.,te,2024-02-11T16:22:17
106,1a53fc0c-4951-4a37-8e61-14244f76b13a,learner,"I am interested in this trade, but my parents want to know more.",en,2024-04-30T00:36:51
107,1a53fc0c-4951-4a37-8e61-14244f76b13a,parent,Is this a respectable job? Will he actually earn enough?,en,2024-04-30T00:38:51
108,1a53fc0c-4951-4a37-8e61-14244f76b13a,ai,I understand your concern. Let's look at verified local data for your area.,en,2024-04-30T00:40:51
109,1a53fc0c-4951-4a37-8e61-14244f76b13a,parent,"What if he gets injured, or can't study further?",en,2024-04-30T00:42:51
110,1a53fc0c-4951-4a37-8e61-14244f76b13a,ai,All centres follow strict safety protocols and this leads to diploma lateral entry.,en,2024-04-30T00:44:51
111,6812c5dc-8623-4e6a-b41f-b68b62a33a66,learner,"I am interested in this trade, but my parents want to know more.",en,2024-02-15T16:47:11
112,6812c5dc-8623-4e6a-b41f-b68b62a33a66,parent,Is this a respectable job? Will he actually earn enough?,en,2024-02-15T16:49:11
113,6812c5dc-8623-4e6a-b41f-b68b62a33a66,ai,I understand your concern. Let's look at verified local data for your area.,en,2024-02-15T16:51:11
114,6812c5dc-8623-4e6a-b41f-b68b62a33a66,parent,"What if he gets injured, or can't study further?",en,2024-02-15T16:53:11
115,6812c5dc-8623-4e6a-b41f-b68b62a33a66,ai,All centres follow strict safety protocols and this leads to diploma lateral entry.,en,2024-02-15T16:55:11
116,65a3151c-2d28-4264-bd9c-eb156856f858,learner,"I am interested in this trade, but my parents want to know more.",hi,2024-07-01T23:20:20
117,65a3151c-2d28-4264-bd9c-eb156856f858,parent,Is this a respectable job? Will he actually earn enough?,hi,2024-07-01T23:22:20
118,65a3151c-2d28-4264-bd9c-eb156856f858,ai,I understand your concern. Let's look at verified local data for your area.,hi,2024-07-01T23:24:20
119,65a3151c-2d28-4264-bd9c-eb156856f858,parent,"What if he gets injured, or can't study further?",hi,2024-07-01T23:26:20
120,65a3151c-2d28-4264-bd9c-eb156856f858,ai,All centres follow strict safety protocols and this leads to diploma lateral entry.,hi,2024-07-01T23:28:20
121,7f539473-3db3-4d0f-a5e0-5428e89f89a1,learner,"I am interested in this trade, but my parents want to know more.",en,2024-02-26T11:02:33
122,7f539473-3db3-4d0f-a5e0-5428e89f89a1,parent,Is this a respectable job? Will he actually earn enough?,en,2024-02-26T11:04:33
123,7f539473-3db3-4d0f-a5e0-5428e89f89a1,ai,I understand your concern. Let's look at verified local data for your area.,en,2024-02-26T11:06:33
124,7f539473-3db3-4d0f-a5e0-5428e89f89a1,parent,"What if he gets injured, or can't study further?",en,2024-02-26T11:08:33
125,7f539473-3db3-4d0f-a5e0-5428e89f89a1,ai,All centres follow strict safety protocols and this leads to diploma lateral entry.,en,2024-02-26T11:10:33
126,3c06afb0-69ea-4d78-aa9f-f65cfb499eac,learner,"I am interested in this trade, but my parents want to know more.",te,2024-04-27T10:50:19
127,3c06afb0-69ea-4d78-aa9f-f65cfb499eac,parent,Is this a respectable job? Will he actually earn enough?,te,2024-04-27T10:52:19
128,3c06afb0-69ea-4d78-aa9f-f65cfb499eac,ai,I understand your concern. Let's look at verified local data for your area.,te,2024-04-27T10:54:19
129,3c06afb0-69ea-4d78-aa9f-f65cfb499eac,parent,"What if he gets injured, or can't study further?",te,2024-04-27T10:56:19
130,3c06afb0-69ea-4d78-aa9f-f65cfb499eac,ai,All centres follow strict safety protocols and this leads to diploma lateral entry.,te,2024-04-27T10:58:19
131,a319a54f-dfff-43b5-9a8f-8242e1410fd1,learner,"I am interested in this trade, but my parents want to know more.",hi,2024-07-09T22:02:36
132,a319a54f-dfff-43b5-9a8f-8242e1410fd1,parent,Is this a respectable job? Will he actually earn enough?,hi,2024-07-09T22:04:36
133,a319a54f-dfff-43b5-9a8f-8242e1410fd1,ai,I understand your concern. Let's look at verified local data for your area.,hi,2024-07-09T22:06:36
134,a319a54f-dfff-43b5-9a8f-8242e1410fd1,parent,"What if he gets injured, or can't study further?",hi,2024-07-09T22:08:36
135,a319a54f-dfff-43b5-9a8f-8242e1410fd1,ai,All centres follow strict safety protocols and this leads to diploma lateral entry.,hi,2024-07-09T22:10:36
136,197d28f3-4182-4e99-96f1-e80b76c4e872,learner,"I am interested in this trade, but my parents want to know more.",te,2024-02-08T21:32:09
137,197d28f3-4182-4e99-96f1-e80b76c4e872,parent,Is this a respectable job? Will he actually earn enough?,te,2024-02-08T21:34:09
138,197d28f3-4182-4e99-96f1-e80b76c4e872,ai,I understand your concern. Let's look at verified local data for your area.,te,2024-02-08T21:36:09
139,197d28f3-4182-4e99-96f1-e80b76c4e872,parent,"What if he gets injured, or can't study further?",te,2024-02-08T21:38:09
140,197d28f3-4182-4e99-96f1-e80b76c4e872,ai,All centres follow strict safety protocols and this leads to diploma lateral entry.,te,2024-02-08T21:40:09
141,ad6cd9f3-2746-4abd-95fb-ea457408a103,learner,"I am interested in this trade, but my parents want to know more.",te,2024-08-07T22:25:02
142,ad6cd9f3-2746-4abd-95fb-ea457408a103,parent,Is this a respectable job? Will he actually earn enough?,te,2024-08-07T22:27:02
143,ad6cd9f3-2746-4abd-95fb-ea457408a103,ai,I understand your concern. Let's look at verified local data for your area.,te,2024-08-07T22:29:02
144,ad6cd9f3-2746-4abd-95fb-ea457408a103,parent,"What if he gets injured, or can't study further?",te,2024-08-07T22:31:02
145,ad6cd9f3-2746-4abd-95fb-ea457408a103,ai,All centres follow strict safety protocols and this leads to diploma lateral entry.,te,2024-08-07T22:33:02
146,59eb57d0-d913-4e7f-9725-58a485166381,learner,"I am interested in this trade, but my parents want to know more.",en,2024-05-15T15:10:11
147,59eb57d0-d913-4e7f-9725-58a485166381,parent,Is this a respectable job? Will he actually earn enough?,en,2024-05-15T15:12:11
148,59eb57d0-d913-4e7f-9725-58a485166381,ai,I understand your concern. Let's look at verified local data for your area.,en,2024-05-15T15:14:11
149,59eb57d0-d913-4e7f-9725-58a485166381,parent,"What if he gets injured, or can't study further?",en,2024-05-15T15:16:11
150,59eb57d0-d913-4e7f-9725-58a485166381,ai,All centres follow strict safety protocols and this leads to diploma lateral entry.,en,2024-05-15T15:18:11
151,7845950d-ea97-4cde-a6a2-7538be58b6da,learner,"I am interested in this trade, but my parents want to know more.",hi,2024-06-05T11:44:49
152,7845950d-ea97-4cde-a6a2-7538be58b6da,parent,Is this a respectable job? Will he actually earn enough?,hi,2024-06-05T11:46:49
153,7845950d-ea97-4cde-a6a2-7538be58b6da,ai,I understand your concern. Let's look at verified local data for your area.,hi,2024-06-05T11:48:49
154,7845950d-ea97-4cde-a6a2-7538be58b6da,parent,"What if he gets injured, or can't study further?",hi,2024-06-05T11:50:49
155,7845950d-ea97-4cde-a6a2-7538be58b6da,ai,All centres follow strict safety protocols and this leads to diploma lateral entry.,hi,2024-06-05T11:52:49
156,cf366ba3-3a1c-486b-ab92-59de5b335cf7,learner,"I am interested in this trade, but my parents want to know more.",te,2024-07-31T23:37:09
157,cf366ba3-3a1c-486b-ab92-59de5b335cf7,parent,Is this a respectable job? Will he actually earn enough?,te,2024-07-31T23:39:09
158,cf366ba3-3a1c-486b-ab92-59de5b335cf7,ai,I understand your concern. Let's look at verified local data for your area.,te,2024-07-31T23:41:09
159,cf366ba3-3a1c-486b-ab92-59de5b335cf7,parent,"What if he gets injured, or can't study further?",te,2024-07-31T23:43:09
160,cf366ba3-3a1c-486b-ab92-59de5b335cf7,ai,All centres follow strict safety protocols and this leads to diploma lateral entry.,te,2024-07-31T23:45:09
161,3ba69f3e-e03e-433d-9764-5481148484cb,learner,"I am interested in this trade, but my parents want to know more.",te,2024-03-08T06:27:39
162,3ba69f3e-e03e-433d-9764-5481148484cb,parent,Is this a respectable job? Will he actually earn enough?,te,2024-03-08T06:29:39
163,3ba69f3e-e03e-433d-9764-5481148484cb,ai,I understand your concern. Let's look at verified local data for your area.,te,2024-03-08T06:31:39
164,3ba69f3e-e03e-433d-9764-5481148484cb,parent,"What if he gets injured, or can't study further?",te,2024-03-08T06:33:39
165,3ba69f3e-e03e-433d-9764-5481148484cb,ai,All centres follow strict safety protocols and this leads to diploma lateral entry.,te,2024-03-08T06:35:39
166,27469ae3-81eb-4f7a-8969-3062975d8a32,learner,"I am interested in this trade, but my parents want to know more.",hi,2024-02-09T19:16:35
167,27469ae3-81eb-4f7a-8969-3062975d8a32,parent,Is this a respectable job? Will he actually earn enough?,hi,2024-02-09T19:18:35
168,27469ae3-81eb-4f7a-8969-3062975d8a32,ai,I understand your concern. Let's look at verified local data for your area.,hi,2024-02-09T19:20:35
169,27469ae3-81eb-4f7a-8969-3062975d8a32,parent,"What if he gets injured, or can't study further?",hi,2024-02-09T19:22:35
170,27469ae3-81eb-4f7a-8969-3062975d8a32,ai,All centres follow strict safety protocols and this leads to diploma lateral entry.,hi,2024-02-09T19:24:35
171,872874e6-71f0-4742-9ff3-09bebbe18b5f,learner,"I am interested in this trade, but my parents want to know more.",hi,2024-01-20T22:36:16
172,872874e6-71f0-4742-9ff3-09bebbe18b5f,parent,Is this a respectable job? Will he actually earn enough?,hi,2024-01-20T22:38:16
173,872874e6-71f0-4742-9ff3-09bebbe18b5f,ai,I understand your concern. Let's look at verified local data for your area.,hi,2024-01-20T22:40:16
174,872874e6-71f0-4742-9ff3-09bebbe18b5f,parent,"What if he gets injured, or can't study further?",hi,2024-01-20T22:42:16
175,872874e6-71f0-4742-9ff3-09bebbe18b5f,ai,All centres follow strict safety protocols and this leads to diploma lateral entry.,hi,2024-01-20T22:44:16
176,fab4f5c3-4476-43b1-9eab-de625608970f,learner,"I am interested in this trade, but my parents want to know more.",en,2024-01-03T08:17:00
177,fab4f5c3-4476-43b1-9eab-de625608970f,parent,Is this a respectable job? Will he actually earn enough?,en,2024-01-03T08:19:00
178,fab4f5c3-4476-43b1-9eab-de625608970f,ai,I understand your concern. Let's look at verified local data for your area.,en,2024-01-03T08:21:00
179,fab4f5c3-4476-43b1-9eab-de625608970f,parent,"What if he gets injured, or can't study further?",en,2024-01-03T08:23:00
180,fab4f5c3-4476-43b1-9eab-de625608970f,ai,All centres follow strict safety protocols and this leads to diploma lateral entry.,en,2024-01-03T08:25:00
181,496cab57-c0dc-4866-bc03-4ee0e5c05403,learner,"I am interested in this trade, but my parents want to know more.",te,2024-05-27T08:54:31
182,496cab57-c0dc-4866-bc03-4ee0e5c05403,parent,Is this a respectable job? Will he actually earn enough?,te,2024-05-27T08:56:31
183,496cab57-c0dc-4866-bc03-4ee0e5c05403,ai,I understand your concern. Let's look at verified local data for your area.,te,2024-05-27T08:58:31
184,496cab57-c0dc-4866-bc03-4ee0e5c05403,parent,"What if he gets injured, or can't study further?",te,2024-05-27T09:00:31
185,496cab57-c0dc-4866-bc03-4ee0e5c05403,ai,All centres follow strict safety protocols and this leads to diploma lateral entry.,te,2024-05-27T09:02:31
186,a344b2fa-04b8-4249-86d2-bf52868bc9a4,learner,"I am interested in this trade, but my parents want to know more.",hi,2024-05-21T12:41:25
187,a344b2fa-04b8-4249-86d2-bf52868bc9a4,parent,Is this a respectable job? Will he actually earn enough?,hi,2024-05-21T12:43:25
188,a344b2fa-04b8-4249-86d2-bf52868bc9a4,ai,I understand your concern. Let's look at verified local data for your area.,hi,2024-05-21T12:45:25
189,a344b2fa-04b8-4249-86d2-bf52868bc9a4,parent,"What if he gets injured, or can't study further?",hi,2024-05-21T12:47:25
190,a344b2fa-04b8-4249-86d2-bf52868bc9a4,ai,All centres follow strict safety protocols and this leads to diploma lateral entry.,hi,2024-05-21T12:49:25
191,384fedb7-f10a-4cee-985d-022c96751f19,learner,"I am interested in this trade, but my parents want to know more.",te,2024-03-05T07:43:32
192,384fedb7-f10a-4cee-985d-022c96751f19,parent,Is this a respectable job? Will he actually earn enough?,te,2024-03-05T07:45:32
193,384fedb7-f10a-4cee-985d-022c96751f19,ai,I understand your concern. Let's look at verified local data for your area.,te,2024-03-05T07:47:32
194,384fedb7-f10a-4cee-985d-022c96751f19,parent,"What if he gets injured, or can't study further?",te,2024-03-05T07:49:32
195,384fedb7-f10a-4cee-985d-022c96751f19,ai,All centres follow strict safety protocols and this leads to diploma lateral entry.,te,2024-03-05T07:51:32
196,602c2b3f-6be5-4bdb-9467-60ed3ccbf37a,learner,"I am interested in this trade, but my parents want to know more.",te,2024-06-11T22:45:46
197,602c2b3f-6be5-4bdb-9467-60ed3ccbf37a,parent,Is this a respectable job? Will he actually earn enough?,te,2024-06-11T22:47:46
198,602c2b3f-6be5-4bdb-9467-60ed3ccbf37a,ai,I understand your concern. Let's look at verified local data for your area.,te,2024-06-11T22:49:46
199,602c2b3f-6be5-4bdb-9467-60ed3ccbf37a,parent,"What if he gets injured, or can't study further?",te,2024-06-11T22:51:46
200,602c2b3f-6be5-4bdb-9467-60ed3ccbf37a,ai,All centres follow strict safety protocols and this leads to diploma lateral entry.,te,2024-06-11T22:53:46
201,8fac74fa-ea51-420b-b383-13228135a516,learner,"I am interested in this trade, but my parents want to know more.",te,2024-07-19T02:39:27
202,8fac74fa-ea51-420b-b383-13228135a516,parent,Is this a respectable job? Will he actually earn enough?,te,2024-07-19T02:41:27
203,8fac74fa-ea51-420b-b383-13228135a516,ai,I understand your concern. Let's look at verified local data for your area.,te,2024-07-19T02:43:27
204,8fac74fa-ea51-420b-b383-13228135a516,parent,"What if he gets injured, or can't study further?",te,2024-07-19T02:45:27
205,8fac74fa-ea51-420b-b383-13228135a516,ai,All centres follow strict safety protocols and this leads to diploma lateral entry.,te,2024-07-19T02:47:27
206,e0332156-c285-46d1-b8b9-04e330ca19ba,learner,"I am interested in this trade, but my parents want to know more.",hi,2024-06-24T11:17:19
207,e0332156-c285-46d1-b8b9-04e330ca19ba,parent,Is this a respectable job? Will he actually earn enough?,hi,2024-06-24T11:19:19
208,e0332156-c285-46d1-b8b9-04e330ca19ba,ai,I understand your concern. Let's look at verified local data for your area.,hi,2024-06-24T11:21:19
209,e0332156-c285-46d1-b8b9-04e330ca19ba,parent,"What if he gets injured, or can't study further?",hi,2024-06-24T11:23:19
210,e0332156-c285-46d1-b8b9-04e330ca19ba,ai,All centres follow strict safety protocols and this leads to diploma lateral entry.,hi,2024-06-24T11:25:19
211,65831e0f-fdf5-4b29-b5cb-4df517e1af14,learner,"I am interested in this trade, but my parents want to know more.",te,2024-01-31T23:20:40
212,65831e0f-fdf5-4b29-b5cb-4df517e1af14,parent,Is this a respectable job? Will he actually earn enough?,te,2024-01-31T23:22:40
213,65831e0f-fdf5-4b29-b5cb-4df517e1af14,ai,I understand your concern. Let's look at verified local data for your area.,te,2024-01-31T23:24:40
214,65831e0f-fdf5-4b29-b5cb-4df517e1af14,parent,"What if he gets injured, or can't study further?",te,2024-01-31T23:26:40
215,65831e0f-fdf5-4b29-b5cb-4df517e1af14,ai,All centres follow strict safety protocols and this leads to diploma lateral entry.,te,2024-01-31T23:28:40
216,6c8a0c38-7175-4229-a449-07249e737ac0,learner,"I am interested in this trade, but my parents want to know more.",te,2024-07-06T15:00:45
217,6c8a0c38-7175-4229-a449-07249e737ac0,parent,Is this a respectable job? Will he actually earn enough?,te,2024-07-06T15:02:45
218,6c8a0c38-7175-4229-a449-07249e737ac0,ai,I understand your concern. Let's look at verified local data for your area.,te,2024-07-06T15:04:45
219,6c8a0c38-7175-4229-a449-07249e737ac0,parent,"What if he gets injured, or can't study further?",te,2024-07-06T15:06:45
220,6c8a0c38-7175-4229-a449-07249e737ac0,ai,All centres follow strict safety protocols and this leads to diploma lateral entry.,te,2024-07-06T15:08:45
221,16c86cd8-5b5c-4345-8976-6b41da1bbd06,learner,"I am interested in this trade, but my parents want to know more.",hi,2024-07-17T19:36:05
222,16c86cd8-5b5c-4345-8976-6b41da1bbd06,parent,Is this a respectable job? Will he actually earn enough?,hi,2024-07-17T19:38:05
223,16c86cd8-5b5c-4345-8976-6b41da1bbd06,ai,I understand your concern. Let's look at verified local data for your area.,hi,2024-07-17T19:40:05
224,16c86cd8-5b5c-4345-8976-6b41da1bbd06,parent,"What if he gets injured, or can't study further?",hi,2024-07-17T19:42:05
225,16c86cd8-5b5c-4345-8976-6b41da1bbd06,ai,All centres follow strict safety protocols and this leads to diploma lateral entry.,hi,2024-07-17T19:44:05
226,326566de-bcbb-40ea-990c-767eb28f3e6f,learner,"I am interested in this trade, but my parents want to know more.",hi,2024-06-28T02:22:22
227,326566de-bcbb-40ea-990c-767eb28f3e6f,parent,Is this a respectable job? Will he actually earn enough?,hi,2024-06-28T02:24:22
228,326566de-bcbb-40ea-990c-767eb28f3e6f,ai,I understand your concern. Let's look at verified local data for your area.,hi,2024-06-28T02:26:22
229,326566de-bcbb-40ea-990c-767eb28f3e6f,parent,"What if he gets injured, or can't study further?",hi,2024-06-28T02:28:22
230,326566de-bcbb-40ea-990c-767eb28f3e6f,ai,All centres follow strict safety protocols and this leads to diploma lateral entry.,hi,2024-06-28T02:30:22
231,8f14bebb-09c8-4020-8c54-960f75e38c44,learner,"I am interested in this trade, but my parents want to know more.",te,2024-06-28T19:31:58
232,8f14bebb-09c8-4020-8c54-960f75e38c44,parent,Is this a respectable job? Will he actually earn enough?,te,2024-06-28T19:33:58
233,8f14bebb-09c8-4020-8c54-960f75e38c44,ai,I understand your concern. Let's look at verified local data for your area.,te,2024-06-28T19:35:58
234,8f14bebb-09c8-4020-8c54-960f75e38c44,parent,"What if he gets injured, or can't study further?",te,2024-06-28T19:37:58
235,8f14bebb-09c8-4020-8c54-960f75e38c44,ai,All centres follow strict safety protocols and this leads to diploma lateral entry.,te,2024-06-28T19:39:58
236,8767c8df-bdb9-4ebe-9a30-054ff4056046,learner,"I am interested in this trade, but my parents want to know more.",te,2024-01-25T05:50:14
237,8767c8df-bdb9-4ebe-9a30-054ff4056046,parent,Is this a respectable job? Will he actually earn enough?,te,2024-01-25T05:52:14
238,8767c8df-bdb9-4ebe-9a30-054ff4056046,ai,I understand your concern. Let's look at verified local data for your area.,te,2024-01-25T05:54:14
239,8767c8df-bdb9-4ebe-9a30-054ff4056046,parent,"What if he gets injured, or can't study further?",te,2024-01-25T05:56:14
240,8767c8df-bdb9-4ebe-9a30-054ff4056046,ai,All centres follow strict safety protocols and this leads to diploma lateral entry.,te,2024-01-25T05:58:14
241,837b2f4b-790c-49a6-9d4c-1bd33e70ae20,learner,"I am interested in this trade, but my parents want to know more.",hi,2024-09-16T10:46:08
242,837b2f4b-790c-49a6-9d4c-1bd33e70ae20,parent,Is this a respectable job? Will he actually earn enough?,hi,2024-09-16T10:48:08
243,837b2f4b-790c-49a6-9d4c-1bd33e70ae20,ai,I understand your concern. Let's look at verified local data for your area.,hi,2024-09-16T10:50:08
244,837b2f4b-790c-49a6-9d4c-1bd33e70ae20,parent,"What if he gets injured, or can't study further?",hi,2024-09-16T10:52:08
245,837b2f4b-790c-49a6-9d4c-1bd33e70ae20,ai,All centres follow strict safety protocols and this leads to diploma lateral entry.,hi,2024-09-16T10:54:08
246,99b175a4-f504-4229-844f-18695a8d2dbb,learner,"I am interested in this trade, but my parents want to know more.",te,2024-02-26T11:32:07
247,99b175a4-f504-4229-844f-18695a8d2dbb,parent,Is this a respectable job? Will he actually earn enough?,te,2024-02-26T11:34:07
248,99b175a4-f504-4229-844f-18695a8d2dbb,ai,I understand your concern. Let's look at verified local data for your area.,te,2024-02-26T11:36:07
249,99b175a4-f504-4229-844f-18695a8d2dbb,parent,"What if he gets injured, or can't study further?",te,2024-02-26T11:38:07
250,99b175a4-f504-4229-844f-18695a8d2dbb,ai,All centres follow strict safety protocols and this leads to diploma lateral entry.,te,2024-02-26T11:40:07
251,8cb1e30a-f36d-45c4-a430-341b1d0f09b2,learner,"I am interested in this trade, but my parents want to know more.",te,2024-04-03T15:35:00
252,8cb1e30a-f36d-45c4-a430-341b1d0f09b2,parent,Is this a respectable job? Will he actually earn enough?,te,2024-04-03T15:37:00
253,8cb1e30a-f36d-45c4-a430-341b1d0f09b2,ai,I understand your concern. Let's look at verified local data for your area.,te,2024-04-03T15:39:00
254,8cb1e30a-f36d-45c4-a430-341b1d0f09b2,parent,"What if he gets injured, or can't study further?",te,2024-04-03T15:41:00
255,8cb1e30a-f36d-45c4-a430-341b1d0f09b2,ai,All centres follow strict safety protocols and this leads to diploma lateral entry.,te,2024-04-03T15:43:00
256,0937a569-fdd3-4661-830e-52c8e639272b,learner,"I am interested in this trade, but my parents want to know more.",hi,2024-03-13T01:02:07
257,0937a569-fdd3-4661-830e-52c8e639272b,parent,Is this a respectable job? Will he actually earn enough?,hi,2024-03-13T01:04:07
258,0937a569-fdd3-4661-830e-52c8e639272b,ai,I understand your concern. Let's look at verified local data for your area.,hi,2024-03-13T01:06:07
259,0937a569-fdd3-4661-830e-52c8e639272b,parent,"What if he gets injured, or can't study further?",hi,2024-03-13T01:08:07
260,0937a569-fdd3-4661-830e-52c8e639272b,ai,All centres follow strict safety protocols and this leads to diploma lateral entry.,hi,2024-03-13T01:10:07
261,68118522-0691-417f-bbb5-ab417deda003,learner,"I am interested in this trade, but my parents want to know more.",en,2024-02-18T14:19:22
262,68118522-0691-417f-bbb5-ab417deda003,parent,Is this a respectable job? Will he actually earn enough?,en,2024-02-18T14:21:22
263,68118522-0691-417f-bbb5-ab417deda003,ai,I understand your concern. Let's look at verified local data for your area.,en,2024-02-18T14:23:22
264,68118522-0691-417f-bbb5-ab417deda003,parent,"What if he gets injured, or can't study further?",en,2024-02-18T14:25:22
265,68118522-0691-417f-bbb5-ab417deda003,ai,All centres follow strict safety protocols and this leads to diploma lateral entry.,en,2024-02-18T14:27:22
266,cdf0af7c-cc5b-4a0d-b5eb-80951bbf7b7b,learner,"I am interested in this trade, but my parents want to know more.",en,2024-09-06T09:09:50
267,cdf0af7c-cc5b-4a0d-b5eb-80951bbf7b7b,parent,Is this a respectable job? Will he actually earn enough?,en,2024-09-06T09:11:50
268,cdf0af7c-cc5b-4a0d-b5eb-80951bbf7b7b,ai,I understand your concern. Let's look at verified local data for your area.,en,2024-09-06T09:13:50
269,cdf0af7c-cc5b-4a0d-b5eb-80951bbf7b7b,parent,"What if he gets injured, or can't study further?",en,2024-09-06T09:15:50
270,cdf0af7c-cc5b-4a0d-b5eb-80951bbf7b7b,ai,All centres follow strict safety protocols and this leads to diploma lateral entry.,en,2024-09-06T09:17:50
271,c30a2ef3-1c4e-40a6-ad87-0fac11816b40,learner,"I am interested in this trade, but my parents want to know more.",te,2024-06-30T18:25:46
272,c30a2ef3-1c4e-40a6-ad87-0fac11816b40,parent,Is this a respectable job? Will he actually earn enough?,te,2024-06-30T18:27:46
273,c30a2ef3-1c4e-40a6-ad87-0fac11816b40,ai,I understand your concern. Let's look at verified local data for your area.,te,2024-06-30T18:29:46
274,c30a2ef3-1c4e-40a6-ad87-0fac11816b40,parent,"What if he gets injured, or can't study further?",te,2024-06-30T18:31:46
275,c30a2ef3-1c4e-40a6-ad87-0fac11816b40,ai,All centres follow strict safety protocols and this leads to diploma lateral entry.,te,2024-06-30T18:33:46
276,f6a2767e-0218-48b8-8f3c-99e2d563b1fc,learner,"I am interested in this trade, but my parents want to know more.",hi,2024-08-15T08:07:22
277,f6a2767e-0218-48b8-8f3c-99e2d563b1fc,parent,Is this a respectable job? Will he actually earn enough?,hi,2024-08-15T08:09:22
278,f6a2767e-0218-48b8-8f3c-99e2d563b1fc,ai,I understand your concern. Let's look at verified local data for your area.,hi,2024-08-15T08:11:22
279,f6a2767e-0218-48b8-8f3c-99e2d563b1fc,parent,"What if he gets injured, or can't study further?",hi,2024-08-15T08:13:22
280,f6a2767e-0218-48b8-8f3c-99e2d563b1fc,ai,All centres follow strict safety protocols and this leads to diploma lateral entry.,hi,2024-08-15T08:15:22
281,025a0688-6634-465c-994f-5dcc5cf856b7,learner,"I am interested in this trade, but my parents want to know more.",hi,2024-09-20T21:52:15
282,025a0688-6634-465c-994f-5dcc5cf856b7,parent,Is this a respectable job? Will he actually earn enough?,hi,2024-09-20T21:54:15
283,025a0688-6634-465c-994f-5dcc5cf856b7,ai,I understand your concern. Let's look at verified local data for your area.,hi,2024-09-20T21:56:15
284,025a0688-6634-465c-994f-5dcc5cf856b7,parent,"What if he gets injured, or can't study further?",hi,2024-09-20T21:58:15
285,025a0688-6634-465c-994f-5dcc5cf856b7,ai,All centres follow strict safety protocols and this leads to diploma lateral entry.,hi,2024-09-20T22:00:15
286,a0b48554-60be-4106-ba1e-d9c6bafd3cfb,learner,"I am interested in this trade, but my parents want to know more.",en,2024-02-28T03:19:06
287,a0b48554-60be-4106-ba1e-d9c6bafd3cfb,parent,Is this a respectable job? Will he actually earn enough?,en,2024-02-28T03:21:06
288,a0b48554-60be-4106-ba1e-d9c6bafd3cfb,ai,I understand your concern. Let's look at verified local data for your area.,en,2024-02-28T03:23:06
289,a0b48554-60be-4106-ba1e-d9c6bafd3cfb,parent,"What if he gets injured, or can't study further?",en,2024-02-28T03:25:06
290,a0b48554-60be-4106-ba1e-d9c6bafd3cfb,ai,All centres follow strict safety protocols and this leads to diploma lateral entry.,en,2024-02-28T03:27:06
291,a098a8b0-a236-4548-8c51-df2bbde7d4f5,learner,"I am interested in this trade, but my parents want to know more.",te,2024-02-01T04:13:17
292,a098a8b0-a236-4548-8c51-df2bbde7d4f5,parent,Is this a respectable job? Will he actually earn enough?,te,2024-02-01T04:15:17
293,a098a8b0-a236-4548-8c51-df2bbde7d4f5,ai,I understand your concern. Let's look at verified local data for your area.,te,2024-02-01T04:17:17
294,a098a8b0-a236-4548-8c51-df2bbde7d4f5,parent,"What if he gets injured, or can't study further?",te,2024-02-01T04:19:17
295,a098a8b0-a236-4548-8c51-df2bbde7d4f5,ai,All centres follow strict safety protocols and this leads to diploma lateral entry.,te,2024-02-01T04:21:17
296,b3d6baad-e5eb-45ec-ba70-fa60aedde8ca,learner,"I am interested in this trade, but my parents want to know more.",en,2024-05-22T07:21:45
297,b3d6baad-e5eb-45ec-ba70-fa60aedde8ca,parent,Is this a respectable job? Will he actually earn enough?,en,2024-05-22T07:23:45
298,b3d6baad-e5eb-45ec-ba70-fa60aedde8ca,ai,I understand your concern. Let's look at verified local data for your area.,en,2024-05-22T07:25:45
299,b3d6baad-e5eb-45ec-ba70-fa60aedde8ca,parent,"What if he gets injured, or can't study further?",en,2024-05-22T07:27:45
300,b3d6baad-e5eb-45ec-ba70-fa60aedde8ca,ai,All centres follow strict safety protocols and this leads to diploma lateral entry.,en,2024-05-22T07:29:45
301,c8259956-e3b4-4f38-b3d2-1f0e59ebd3f5,learner,"I am interested in this trade, but my parents want to know more.",hi,2024-08-18T19:22:53
302,c8259956-e3b4-4f38-b3d2-1f0e59ebd3f5,parent,Is this a respectable job? Will he actually earn enough?,hi,2024-08-18T19:24:53
303,c8259956-e3b4-4f38-b3d2-1f0e59ebd3f5,ai,I understand your concern. Let's look at verified local data for your area.,hi,2024-08-18T19:26:53
304,c8259956-e3b4-4f38-b3d2-1f0e59ebd3f5,parent,"What if he gets injured, or can't study further?",hi,2024-08-18T19:28:53
305,c8259956-e3b4-4f38-b3d2-1f0e59ebd3f5,ai,All centres follow strict safety protocols and this leads to diploma lateral entry.,hi,2024-08-18T19:30:53
306,fa62140e-16b2-4dd7-b412-96ca2e54ddb5,learner,"I am interested in this trade, but my parents want to know more.",en,2024-04-20T14:22:36
307,fa62140e-16b2-4dd7-b412-96ca2e54ddb5,parent,Is this a respectable job? Will he actually earn enough?,en,2024-04-20T14:24:36
308,fa62140e-16b2-4dd7-b412-96ca2e54ddb5,ai,I understand your concern. Let's look at verified local data for your area.,en,2024-04-20T14:26:36
309,fa62140e-16b2-4dd7-b412-96ca2e54ddb5,parent,"What if he gets injured, or can't study further?",en,2024-04-20T14:28:36
310,fa62140e-16b2-4dd7-b412-96ca2e54ddb5,ai,All centres follow strict safety protocols and this leads to diploma lateral entry.,en,2024-04-20T14:30:36
311,963de4fd-57f3-4316-a962-032ac564cbbc,learner,"I am interested in this trade, but my parents want to know more.",te,2024-09-08T22:43:20
312,963de4fd-57f3-4316-a962-032ac564cbbc,parent,Is this a respectable job? Will he actually earn enough?,te,2024-09-08T22:45:20
313,963de4fd-57f3-4316-a962-032ac564cbbc,ai,I understand your concern. Let's look at verified local data for your area.,te,2024-09-08T22:47:20
314,963de4fd-57f3-4316-a962-032ac564cbbc,parent,"What if he gets injured, or can't study further?",te,2024-09-08T22:49:20
315,963de4fd-57f3-4316-a962-032ac564cbbc,ai,All centres follow strict safety protocols and this leads to diploma lateral entry.,te,2024-09-08T22:51:20
316,63eb8ba4-b210-480e-a564-31d6711afa88,learner,"I am interested in this trade, but my parents want to know more.",hi,2024-08-25T20:52:08
317,63eb8ba4-b210-480e-a564-31d6711afa88,parent,Is this a respectable job? Will he actually earn enough?,hi,2024-08-25T20:54:08
318,63eb8ba4-b210-480e-a564-31d6711afa88,ai,I understand your concern. Let's look at verified local data for your area.,hi,2024-08-25T20:56:08
319,63eb8ba4-b210-480e-a564-31d6711afa88,parent,"What if he gets injured, or can't study further?",hi,2024-08-25T20:58:08
320,63eb8ba4-b210-480e-a564-31d6711afa88,ai,All centres follow strict safety protocols and this leads to diploma lateral entry.,hi,2024-08-25T21:00:08
321,1713f605-9bf1-4a54-ac84-6fe6271e09b7,learner,"I am interested in this trade, but my parents want to know more.",te,2024-03-02T14:40:45
322,1713f605-9bf1-4a54-ac84-6fe6271e09b7,parent,Is this a respectable job? Will he actually earn enough?,te,2024-03-02T14:42:45
323,1713f605-9bf1-4a54-ac84-6fe6271e09b7,ai,I understand your concern. Let's look at verified local data for your area.,te,2024-03-02T14:44:45
324,1713f605-9bf1-4a54-ac84-6fe6271e09b7,parent,"What if he gets injured, or can't study further?",te,2024-03-02T14:46:45
325,1713f605-9bf1-4a54-ac84-6fe6271e09b7,ai,All centres follow strict safety protocols and this leads to diploma lateral entry.,te,2024-03-02T14:48:45
326,1d1713ad-2902-4c2b-a838-c24b72439c6a,learner,"I am interested in this trade, but my parents want to know more.",hi,2024-03-28T08:14:06
327,1d1713ad-2902-4c2b-a838-c24b72439c6a,parent,Is this a respectable job? Will he actually earn enough?,hi,2024-03-28T08:16:06
328,1d1713ad-2902-4c2b-a838-c24b72439c6a,ai,I understand your concern. Let's look at verified local data for your area.,hi,2024-03-28T08:18:06
329,1d1713ad-2902-4c2b-a838-c24b72439c6a,parent,"What if he gets injured, or can't study further?",hi,2024-03-28T08:20:06
330,1d1713ad-2902-4c2b-a838-c24b72439c6a,ai,All centres follow strict safety protocols and this leads to diploma lateral entry.,hi,2024-03-28T08:22:06
331,99e1490a-0f7f-438d-98cd-82d250445cc1,learner,"I am interested in this trade, but my parents want to know more.",te,2024-03-17T12:34:06
332,99e1490a-0f7f-438d-98cd-82d250445cc1,parent,Is this a respectable job? Will he actually earn enough?,te,2024-03-17T12:36:06
333,99e1490a-0f7f-438d-98cd-82d250445cc1,ai,I understand your concern. Let's look at verified local data for your area.,te,2024-03-17T12:38:06
334,99e1490a-0f7f-438d-98cd-82d250445cc1,parent,"What if he gets injured, or can't study further?",te,2024-03-17T12:40:06
335,99e1490a-0f7f-438d-98cd-82d250445cc1,ai,All centres follow strict safety protocols and this leads to diploma lateral entry.,te,2024-03-17T12:42:06
336,5b845b6a-20ec-4ead-9742-1a23d6a08675,learner,"I am interested in this trade, but my parents want to know more.",te,2024-01-02T09:00:34
337,5b845b6a-20ec-4ead-9742-1a23d6a08675,parent,Is this a respectable job? Will he actually earn enough?,te,2024-01-02T09:02:34
338,5b845b6a-20ec-4ead-9742-1a23d6a08675,ai,I understand your concern. Let's look at verified local data for your area.,te,2024-01-02T09:04:34
339,5b845b6a-20ec-4ead-9742-1a23d6a08675,parent,"What if he gets injured, or can't study further?",te,2024-01-02T09:06:34
340,5b845b6a-20ec-4ead-9742-1a23d6a08675,ai,All centres follow strict safety protocols and this leads to diploma lateral entry.,te,2024-01-02T09:08:34
341,40fb2043-0d50-4276-a758-f643a151ba15,learner,"I am interested in this trade, but my parents want to know more.",hi,2024-03-12T18:08:04
342,40fb2043-0d50-4276-a758-f643a151ba15,parent,Is this a respectable job? Will he actually earn enough?,hi,2024-03-12T18:10:04
343,40fb2043-0d50-4276-a758-f643a151ba15,ai,I understand your concern. Let's look at verified local data for your area.,hi,2024-03-12T18:12:04
344,40fb2043-0d50-4276-a758-f643a151ba15,parent,"What if he gets injured, or can't study further?",hi,2024-03-12T18:14:04
345,40fb2043-0d50-4276-a758-f643a151ba15,ai,All centres follow strict safety protocols and this leads to diploma lateral entry.,hi,2024-03-12T18:16:04
346,b95f5ef7-61d5-4da4-9682-cbc3e01e7abc,learner,"I am interested in this trade, but my parents want to know more.",hi,2024-05-13T17:44:08
347,b95f5ef7-61d5-4da4-9682-cbc3e01e7abc,parent,Is this a respectable job? Will he actually earn enough?,hi,2024-05-13T17:46:08
348,b95f5ef7-61d5-4da4-9682-cbc3e01e7abc,ai,I understand your concern. Let's look at verified local data for your area.,hi,2024-05-13T17:48:08
349,b95f5ef7-61d5-4da4-9682-cbc3e01e7abc,parent,"What if he gets injured, or can't study further?",hi,2024-05-13T17:50:08
350,b95f5ef7-61d5-4da4-9682-cbc3e01e7abc,ai,All centres follow strict safety protocols and this leads to diploma lateral entry.,hi,2024-05-13T17:52:08
351,fe58c096-6900-4c84-a02c-f7f4739db76b,learner,"I am interested in this trade, but my parents want to know more.",en,2024-04-06T13:54:25
352,fe58c096-6900-4c84-a02c-f7f4739db76b,parent,Is this a respectable job? Will he actually earn enough?,en,2024-04-06T13:56:25
353,fe58c096-6900-4c84-a02c-f7f4739db76b,ai,I understand your concern. Let's look at verified local data for your area.,en,2024-04-06T13:58:25
354,fe58c096-6900-4c84-a02c-f7f4739db76b,parent,"What if he gets injured, or can't study further?",en,2024-04-06T14:00:25
355,fe58c096-6900-4c84-a02c-f7f4739db76b,ai,All centres follow strict safety protocols and this leads to diploma lateral entry.,en,2024-04-06T14:02:25
356,aa9c6df7-4b01-4611-bfa8-5373f0261fb7,learner,"I am interested in this trade, but my parents want to know more.",hi,2024-09-20T23:18:12
357,aa9c6df7-4b01-4611-bfa8-5373f0261fb7,parent,Is this a respectable job? Will he actually earn enough?,hi,2024-09-20T23:20:12
358,aa9c6df7-4b01-4611-bfa8-5373f0261fb7,ai,I understand your concern. Let's look at verified local data for your area.,hi,2024-09-20T23:22:12
359,aa9c6df7-4b01-4611-bfa8-5373f0261fb7,parent,"What if he gets injured, or can't study further?",hi,2024-09-20T23:24:12
360,aa9c6df7-4b01-4611-bfa8-5373f0261fb7,ai,All centres follow strict safety protocols and this leads to diploma lateral entry.,hi,2024-09-20T23:26:12
361,aaea3a56-e860-435e-a773-bf7b59b70ae7,learner,"I am interested in this trade, but my parents want to know more.",te,2024-07-27T07:02:08
362,aaea3a56-e860-435e-a773-bf7b59b70ae7,parent,Is this a respectable job? Will he actually earn enough?,te,2024-07-27T07:04:08
363,aaea3a56-e860-435e-a773-bf7b59b70ae7,ai,I understand your concern. Let's look at verified local data for your area.,te,2024-07-27T07:06:08
364,aaea3a56-e860-435e-a773-bf7b59b70ae7,parent,"What if he gets injured, or can't study further?",te,2024-07-27T07:08:08
365,aaea3a56-e860-435e-a773-bf7b59b70ae7,ai,All centres follow strict safety protocols and this leads to diploma lateral entry.,te,2024-07-27T07:10:08
366,358d3ba3-58ae-4f6c-b183-0792f24db94d,learner,"I am interested in this trade, but my parents want to know more.",en,2024-06-28T12:15:22
367,358d3ba3-58ae-4f6c-b183-0792f24db94d,parent,Is this a respectable job? Will he actually earn enough?,en,2024-06-28T12:17:22
368,358d3ba3-58ae-4f6c-b183-0792f24db94d,ai,I understand your concern. Let's look at verified local data for your area.,en,2024-06-28T12:19:22
369,358d3ba3-58ae-4f6c-b183-0792f24db94d,parent,"What if he gets injured, or can't study further?",en,2024-06-28T12:21:22
370,358d3ba3-58ae-4f6c-b183-0792f24db94d,ai,All centres follow strict safety protocols and this leads to diploma lateral entry.,en,2024-06-28T12:23:22
371,14a470d4-9d8f-40e2-b6eb-0f6df10982b7,learner,"I am interested in this trade, but my parents want to know more.",te,2024-02-21T18:56:28
372,14a470d4-9d8f-40e2-b6eb-0f6df10982b7,parent,Is this a respectable job? Will he actually earn enough?,te,2024-02-21T18:58:28
373,14a470d4-9d8f-40e2-b6eb-0f6df10982b7,ai,I understand your concern. Let's look at verified local data for your area.,te,2024-02-21T19:00:28
374,14a470d4-9d8f-40e2-b6eb-0f6df10982b7,parent,"What if he gets injured, or can't study further?",te,2024-02-21T19:02:28
375,14a470d4-9d8f-40e2-b6eb-0f6df10982b7,ai,All centres follow strict safety protocols and this leads to diploma lateral entry.,te,2024-02-21T19:04:28
376,2dc6b97d-f7d5-4f83-bc9d-25415f6b65d6,learner,"I am interested in this trade, but my parents want to know more.",hi,2024-09-24T08:33:29
377,2dc6b97d-f7d5-4f83-bc9d-25415f6b65d6,parent,Is this a respectable job? Will he actually earn enough?,hi,2024-09-24T08:35:29
378,2dc6b97d-f7d5-4f83-bc9d-25415f6b65d6,ai,I understand your concern. Let's look at verified local data for your area.,hi,2024-09-24T08:37:29
379,2dc6b97d-f7d5-4f83-bc9d-25415f6b65d6,parent,"What if he gets injured, or can't study further?",hi,2024-09-24T08:39:29
380,2dc6b97d-f7d5-4f83-bc9d-25415f6b65d6,ai,All centres follow strict safety protocols and this leads to diploma lateral entry.,hi,2024-09-24T08:41:29
381,8aeecc4c-d75d-4b90-99d3-3293d9ddf2e3,learner,"I am interested in this trade, but my parents want to know more.",hi,2024-09-01T17:49:43
382,8aeecc4c-d75d-4b90-99d3-3293d9ddf2e3,parent,Is this a respectable job? Will he actually earn enough?,hi,2024-09-01T17:51:43
383,8aeecc4c-d75d-4b90-99d3-3293d9ddf2e3,ai,I understand your concern. Let's look at verified local data for your area.,hi,2024-09-01T17:53:43
384,8aeecc4c-d75d-4b90-99d3-3293d9ddf2e3,parent,"What if he gets injured, or can't study further?",hi,2024-09-01T17:55:43
385,8aeecc4c-d75d-4b90-99d3-3293d9ddf2e3,ai,All centres follow strict safety protocols and this leads to diploma lateral entry.,hi,2024-09-01T17:57:43
386,40cab9c8-4862-4db7-a536-7f6a15e31c76,learner,"I am interested in this trade, but my parents want to know more.",te,2024-08-09T20:58:47
387,40cab9c8-4862-4db7-a536-7f6a15e31c76,parent,Is this a respectable job? Will he actually earn enough?,te,2024-08-09T21:00:47
388,40cab9c8-4862-4db7-a536-7f6a15e31c76,ai,I understand your concern. Let's look at verified local data for your area.,te,2024-08-09T21:02:47
389,40cab9c8-4862-4db7-a536-7f6a15e31c76,parent,"What if he gets injured, or can't study further?",te,2024-08-09T21:04:47
390,40cab9c8-4862-4db7-a536-7f6a15e31c76,ai,All centres follow strict safety protocols and this leads to diploma lateral entry.,te,2024-08-09T21:06:47
391,2281e343-c86e-47db-8278-491bff731d54,learner,"I am interested in this trade, but my parents want to know more.",hi,2024-06-27T15:53:40
392,2281e343-c86e-47db-8278-491bff731d54,parent,Is this a respectable job? Will he actually earn enough?,hi,2024-06-27T15:55:40
393,2281e343-c86e-47db-8278-491bff731d54,ai,I understand your concern. Let's look at verified local data for your area.,hi,2024-06-27T15:57:40
394,2281e343-c86e-47db-8278-491bff731d54,parent,"What if he gets injured, or can't study further?",hi,2024-06-27T15:59:40
395,2281e343-c86e-47db-8278-491bff731d54,ai,All centres follow strict safety protocols and this leads to diploma lateral entry.,hi,2024-06-27T16:01:40
396,02e672f2-3aaa-4b6a-9524-e92cdb5df137,learner,"I am interested in this trade, but my parents want to know more.",en,2024-05-01T18:13:23
397,02e672f2-3aaa-4b6a-9524-e92cdb5df137,parent,Is this a respectable job? Will he actually earn enough?,en,2024-05-01T18:15:23
398,02e672f2-3aaa-4b6a-9524-e92cdb5df137,ai,I understand your concern. Let's look at verified local data for your area.,en,2024-05-01T18:17:23
399,02e672f2-3aaa-4b6a-9524-e92cdb5df137,parent,"What if he gets injured, or can't study further?",en,2024-05-01T18:19:23
400,02e672f2-3aaa-4b6a-9524-e92cdb5df137,ai,All centres follow strict safety protocols and this leads to diploma lateral entry.,en,2024-05-01T18:21:23
401,415b985d-d573-4c45-8382-9d6a0fc047f0,learner,"I am interested in this trade, but my parents want to know more.",te,2024-01-09T17:36:34
402,415b985d-d573-4c45-8382-9d6a0fc047f0,parent,Is this a respectable job? Will he actually earn enough?,te,2024-01-09T17:38:34
403,415b985d-d573-4c45-8382-9d6a0fc047f0,ai,I understand your concern. Let's look at verified local data for your area.,te,2024-01-09T17:40:34
404,415b985d-d573-4c45-8382-9d6a0fc047f0,parent,"What if he gets injured, or can't study further?",te,2024-01-09T17:42:34
405,415b985d-d573-4c45-8382-9d6a0fc047f0,ai,All centres follow strict safety protocols and this leads to diploma lateral entry.,te,2024-01-09T17:44:34
406,67020ced-3162-4660-a435-618e472a4998,learner,"I am interested in this trade, but my parents want to know more.",te,2024-04-24T19:43:28
407,67020ced-3162-4660-a435-618e472a4998,parent,Is this a respectable job? Will he actually earn enough?,te,2024-04-24T19:45:28
408,67020ced-3162-4660-a435-618e472a4998,ai,I understand your concern. Let's look at verified local data for your area.,te,2024-04-24T19:47:28
409,67020ced-3162-4660-a435-618e472a4998,parent,"What if he gets injured, or can't study further?",te,2024-04-24T19:49:28
410,67020ced-3162-4660-a435-618e472a4998,ai,All centres follow strict safety protocols and this leads to diploma lateral entry.,te,2024-04-24T19:51:28
411,f0b3bab9-74fb-42b4-8f7c-c7605b2e1372,learner,"I am interested in this trade, but my parents want to know more.",en,2024-05-01T22:44:08
412,f0b3bab9-74fb-42b4-8f7c-c7605b2e1372,parent,Is this a respectable job? Will he actually earn enough?,en,2024-05-01T22:46:08
413,f0b3bab9-74fb-42b4-8f7c-c7605b2e1372,ai,I understand your concern. Let's look at verified local data for your area.,en,2024-05-01T22:48:08
414,f0b3bab9-74fb-42b4-8f7c-c7605b2e1372,parent,"What if he gets injured, or can't study further?",en,2024-05-01T22:50:08
415,f0b3bab9-74fb-42b4-8f7c-c7605b2e1372,ai,All centres follow strict safety protocols and this leads to diploma lateral entry.,en,2024-05-01T22:52:08
416,98fe248b-b746-4fe5-8165-cb8908c732cf,learner,"I am interested in this trade, but my parents want to know more.",en,2024-02-28T14:50:20
417,98fe248b-b746-4fe5-8165-cb8908c732cf,parent,Is this a respectable job? Will he actually earn enough?,en,2024-02-28T14:52:20
418,98fe248b-b746-4fe5-8165-cb8908c732cf,ai,I understand your concern. Let's look at verified local data for your area.,en,2024-02-28T14:54:20
419,98fe248b-b746-4fe5-8165-cb8908c732cf,parent,"What if he gets injured, or can't study further?",en,2024-02-28T14:56:20
420,98fe248b-b746-4fe5-8165-cb8908c732cf,ai,All centres follow strict safety protocols and this leads to diploma lateral entry.,en,2024-02-28T14:58:20
421,12f75a51-2f1d-41f4-beab-68e8337253a6,learner,"I am interested in this trade, but my parents want to know more.",en,2024-09-13T12:30:51
422,12f75a51-2f1d-41f4-beab-68e8337253a6,parent,Is this a respectable job? Will he actually earn enough?,en,2024-09-13T12:32:51
423,12f75a51-2f1d-41f4-beab-68e8337253a6,ai,I understand your concern. Let's look at verified local data for your area.,en,2024-09-13T12:34:51
424,12f75a51-2f1d-41f4-beab-68e8337253a6,parent,"What if he gets injured, or can't study further?",en,2024-09-13T12:36:51
425,12f75a51-2f1d-41f4-beab-68e8337253a6,ai,All centres follow strict safety protocols and this leads to diploma lateral entry.,en,2024-09-13T12:38:51
426,88b7594e-9e0f-455d-8cb4-ea9725670d1a,learner,"I am interested in this trade, but my parents want to know more.",te,2024-02-22T17:32:41
427,88b7594e-9e0f-455d-8cb4-ea9725670d1a,parent,Is this a respectable job? Will he actually earn enough?,te,2024-02-22T17:34:41
428,88b7594e-9e0f-455d-8cb4-ea9725670d1a,ai,I understand your concern. Let's look at verified local data for your area.,te,2024-02-22T17:36:41
429,88b7594e-9e0f-455d-8cb4-ea9725670d1a,parent,"What if he gets injured, or can't study further?",te,2024-02-22T17:38:41
430,88b7594e-9e0f-455d-8cb4-ea9725670d1a,ai,All centres follow strict safety protocols and this leads to diploma lateral entry.,te,2024-02-22T17:40:41
431,23575a45-33c4-4771-8a74-dea58253150f,learner,"I am interested in this trade, but my parents want to know more.",hi,2024-05-03T16:14:14
432,23575a45-33c4-4771-8a74-dea58253150f,parent,Is this a respectable job? Will he actually earn enough?,hi,2024-05-03T16:16:14
433,23575a45-33c4-4771-8a74-dea58253150f,ai,I understand your concern. Let's look at verified local data for your area.,hi,2024-05-03T16:18:14
434,23575a45-33c4-4771-8a74-dea58253150f,parent,"What if he gets injured, or can't study further?",hi,2024-05-03T16:20:14
435,23575a45-33c4-4771-8a74-dea58253150f,ai,All centres follow strict safety protocols and this leads to diploma lateral entry.,hi,2024-05-03T16:22:14
436,7126c99a-8f0a-42b5-888f-1ecac0d8cfec,learner,"I am interested in this trade, but my parents want to know more.",te,2024-04-27T23:34:18
437,7126c99a-8f0a-42b5-888f-1ecac0d8cfec,parent,Is this a respectable job? Will he actually earn enough?,te,2024-04-27T23:36:18
438,7126c99a-8f0a-42b5-888f-1ecac0d8cfec,ai,I understand your concern. Let's look at verified local data for your area.,te,2024-04-27T23:38:18
439,7126c99a-8f0a-42b5-888f-1ecac0d8cfec,parent,"What if he gets injured, or can't study further?",te,2024-04-27T23:40:18
440,7126c99a-8f0a-42b5-888f-1ecac0d8cfec,ai,All centres follow strict safety protocols and this leads to diploma lateral entry.,te,2024-04-27T23:42:18
441,bac375a7-b688-41af-945a-ce6f9acd479d,learner,"I am interested in this trade, but my parents want to know more.",te,2024-08-27T21:18:20
442,bac375a7-b688-41af-945a-ce6f9acd479d,parent,Is this a respectable job? Will he actually earn enough?,te,2024-08-27T21:20:20
443,bac375a7-b688-41af-945a-ce6f9acd479d,ai,I understand your concern. Let's look at verified local data for your area.,te,2024-08-27T21:22:20
444,bac375a7-b688-41af-945a-ce6f9acd479d,parent,"What if he gets injured, or can't study further?",te,2024-08-27T21:24:20
445,bac375a7-b688-41af-945a-ce6f9acd479d,ai,All centres follow strict safety protocols and this leads to diploma lateral entry.,te,2024-08-27T21:26:20
446,2026a349-5067-48b4-b4cc-744e45fe7877,learner,"I am interested in this trade, but my parents want to know more.",hi,2024-09-24T22:04:04
447,2026a349-5067-48b4-b4cc-744e45fe7877,parent,Is this a respectable job? Will he actually earn enough?,hi,2024-09-24T22:06:04
448,2026a349-5067-48b4-b4cc-744e45fe7877,ai,I understand your concern. Let's look at verified local data for your area.,hi,2024-09-24T22:08:04
449,2026a349-5067-48b4-b4cc-744e45fe7877,parent,"What if he gets injured, or can't study further?",hi,2024-09-24T22:10:04
450,2026a349-5067-48b4-b4cc-744e45fe7877,ai,All centres follow strict safety protocols and this leads to diploma lateral entry.,hi,2024-09-24T22:12:04
451,3aeed3d4-562b-4b70-ae5b-865501715814,learner,"I am interested in this trade, but my parents want to know more.",hi,2024-02-21T05:38:41
452,3aeed3d4-562b-4b70-ae5b-865501715814,parent,Is this a respectable job? Will he actually earn enough?,hi,2024-02-21T05:40:41
453,3aeed3d4-562b-4b70-ae5b-865501715814,ai,I understand your concern. Let's look at verified local data for your area.,hi,2024-02-21T05:42:41
454,3aeed3d4-562b-4b70-ae5b-865501715814,parent,"What if he gets injured, or can't study further?",hi,2024-02-21T05:44:41
455,3aeed3d4-562b-4b70-ae5b-865501715814,ai,All centres follow strict safety protocols and this leads to diploma lateral entry.,hi,2024-02-21T05:46:41
456,ca96b726-b403-4a50-a6a0-f1dffbf02bae,learner,"I am interested in this trade, but my parents want to know more.",en,2024-03-23T07:18:55
457,ca96b726-b403-4a50-a6a0-f1dffbf02bae,parent,Is this a respectable job? Will he actually earn enough?,en,2024-03-23T07:20:55
458,ca96b726-b403-4a50-a6a0-f1dffbf02bae,ai,I understand your concern. Let's look at verified local data for your area.,en,2024-03-23T07:22:55
459,ca96b726-b403-4a50-a6a0-f1dffbf02bae,parent,"What if he gets injured, or can't study further?",en,2024-03-23T07:24:55
460,ca96b726-b403-4a50-a6a0-f1dffbf02bae,ai,All centres follow strict safety protocols and this leads to diploma lateral entry.,en,2024-03-23T07:26:55
461,fba56ec5-1e15-4c1a-a9fe-f91ebdd8573b,learner,"I am interested in this trade, but my parents want to know more.",en,2024-06-20T11:28:11
462,fba56ec5-1e15-4c1a-a9fe-f91ebdd8573b,parent,Is this a respectable job? Will he actually earn enough?,en,2024-06-20T11:30:11
463,fba56ec5-1e15-4c1a-a9fe-f91ebdd8573b,ai,I understand your concern. Let's look at verified local data for your area.,en,2024-06-20T11:32:11
464,fba56ec5-1e15-4c1a-a9fe-f91ebdd8573b,parent,"What if he gets injured, or can't study further?",en,2024-06-20T11:34:11
465,fba56ec5-1e15-4c1a-a9fe-f91ebdd8573b,ai,All centres follow strict safety protocols and this leads to diploma lateral entry.,en,2024-06-20T11:36:11
466,7a3fde37-ad92-40ae-92d2-22c4ddd7871d,learner,"I am interested in this trade, but my parents want to know more.",en,2024-05-18T15:46:47
467,7a3fde37-ad92-40ae-92d2-22c4ddd7871d,parent,Is this a respectable job? Will he actually earn enough?,en,2024-05-18T15:48:47
468,7a3fde37-ad92-40ae-92d2-22c4ddd7871d,ai,I understand your concern. Let's look at verified local data for your area.,en,2024-05-18T15:50:47
469,7a3fde37-ad92-40ae-92d2-22c4ddd7871d,parent,"What if he gets injured, or can't study further?",en,2024-05-18T15:52:47
470,7a3fde37-ad92-40ae-92d2-22c4ddd7871d,ai,All centres follow strict safety protocols and this leads to diploma lateral entry.,en,2024-05-18T15:54:47
471,1241fc7d-f394-4ad7-97d7-dcacae4c1f55,learner,"I am interested in this trade, but my parents want to know more.",te,2024-04-09T18:48:38
472,1241fc7d-f394-4ad7-97d7-dcacae4c1f55,parent,Is this a respectable job? Will he actually earn enough?,te,2024-04-09T18:50:38
473,1241fc7d-f394-4ad7-97d7-dcacae4c1f55,ai,I understand your concern. Let's look at verified local data for your area.,te,2024-04-09T18:52:38
474,1241fc7d-f394-4ad7-97d7-dcacae4c1f55,parent,"What if he gets injured, or can't study further?",te,2024-04-09T18:54:38
475,1241fc7d-f394-4ad7-97d7-dcacae4c1f55,ai,All centres follow strict safety protocols and this leads to diploma lateral entry.,te,2024-04-09T18:56:38
476,0767575a-9fbe-4f2f-9f95-02ca0d902a30,learner,"I am interested in this trade, but my parents want to know more.",te,2024-07-30T13:55:55
477,0767575a-9fbe-4f2f-9f95-02ca0d902a30,parent,Is this a respectable job? Will he actually earn enough?,te,2024-07-30T13:57:55
478,0767575a-9fbe-4f2f-9f95-02ca0d902a30,ai,I understand your concern. Let's look at verified local data for your area.,te,2024-07-30T13:59:55
479,0767575a-9fbe-4f2f-9f95-02ca0d902a30,parent,"What if he gets injured, or can't study further?",te,2024-07-30T14:01:55
480,0767575a-9fbe-4f2f-9f95-02ca0d902a30,ai,All centres follow strict safety protocols and this leads to diploma lateral entry.,te,2024-07-30T14:03:55
481,de4f9817-fbc2-4165-a95d-3ae7c37fcacd,learner,"I am interested in this trade, but my parents want to know more.",en,2024-08-14T10:43:58
482,de4f9817-fbc2-4165-a95d-3ae7c37fcacd,parent,Is this a respectable job? Will he actually earn enough?,en,2024-08-14T10:45:58
483,de4f9817-fbc2-4165-a95d-3ae7c37fcacd,ai,I understand your concern. Let's look at verified local data for your area.,en,2024-08-14T10:47:58
484,de4f9817-fbc2-4165-a95d-3ae7c37fcacd,parent,"What if he gets injured, or can't study further?",en,2024-08-14T10:49:58
485,de4f9817-fbc2-4165-a95d-3ae7c37fcacd,ai,All centres follow strict safety protocols and this leads to diploma lateral entry.,en,2024-08-14T10:51:58
486,767e4419-dd76-45ea-8b31-737e97da6ac2,learner,"I am interested in this trade, but my parents want to know more.",hi,2024-06-21T01:57:56
487,767e4419-dd76-45ea-8b31-737e97da6ac2,parent,Is this a respectable job? Will he actually earn enough?,hi,2024-06-21T01:59:56
488,767e4419-dd76-45ea-8b31-737e97da6ac2,ai,I understand your concern. Let's look at verified local data for your area.,hi,2024-06-21T02:01:56
489,767e4419-dd76-45ea-8b31-737e97da6ac2,parent,"What if he gets injured, or can't study further?",hi,2024-06-21T02:03:56
490,767e4419-dd76-45ea-8b31-737e97da6ac2,ai,All centres follow strict safety protocols and this leads to diploma lateral entry.,hi,2024-06-21T02:05:56
491,2cf36ce8-93ce-41e9-9f89-3436b267a999,learner,"I am interested in this trade, but my parents want to know more.",hi,2024-05-30T00:28:40
492,2cf36ce8-93ce-41e9-9f89-3436b267a999,parent,Is this a respectable job? Will he actually earn enough?,hi,2024-05-30T00:30:40
493,2cf36ce8-93ce-41e9-9f89-3436b267a999,ai,I understand your concern. Let's look at verified local data for your area.,hi,2024-05-30T00:32:40
494,2cf36ce8-93ce-41e9-9f89-3436b267a999,parent,"What if he gets injured, or can't study further?",hi,2024-05-30T00:34:40
495,2cf36ce8-93ce-41e9-9f89-3436b267a999,ai,All centres follow strict safety protocols and this leads to diploma lateral entry.,hi,2024-05-30T00:36:40
496,d9a499c4-f93e-41d2-bfac-ab12298c9f9f,learner,"I am interested in this trade, but my parents want to know more.",en,2024-02-04T12:33:33
497,d9a499c4-f93e-41d2-bfac-ab12298c9f9f,parent,Is this a respectable job? Will he actually earn enough?,en,2024-02-04T12:35:33
498,d9a499c4-f93e-41d2-bfac-ab12298c9f9f,ai,I understand your concern. Let's look at verified local data for your area.,en,2024-02-04T12:37:33
499,d9a499c4-f93e-41d2-bfac-ab12298c9f9f,parent,"What if he gets injured, or can't study further?",en,2024-02-04T12:39:33
500,d9a499c4-f93e-41d2-bfac-ab12298c9f9f,ai,All centres follow strict safety protocols and this leads to diploma lateral entry.,en,2024-02-04T12:41:33
501,2d8687ca-e90b-4cf1-9c30-a98bc6fa5a92,learner,"I am interested in this trade, but my parents want to know more.",te,2024-01-18T07:17:08
502,2d8687ca-e90b-4cf1-9c30-a98bc6fa5a92,parent,Is this a respectable job? Will he actually earn enough?,te,2024-01-18T07:19:08
503,2d8687ca-e90b-4cf1-9c30-a98bc6fa5a92,ai,I understand your concern. Let's look at verified local data for your area.,te,2024-01-18T07:21:08
504,2d8687ca-e90b-4cf1-9c30-a98bc6fa5a92,parent,"What if he gets injured, or can't study further?",te,2024-01-18T07:23:08
505,2d8687ca-e90b-4cf1-9c30-a98bc6fa5a92,ai,All centres follow strict safety protocols and this leads to diploma lateral entry.,te,2024-01-18T07:25:08
506,ca4ee239-fb0f-487c-8dcf-89e63617839b,learner,"I am interested in this trade, but my parents want to know more.",hi,2024-02-15T08:10:01
507,ca4ee239-fb0f-487c-8dcf-89e63617839b,parent,Is this a respectable job? Will he actually earn enough?,hi,2024-02-15T08:12:01
508,ca4ee239-fb0f-487c-8dcf-89e63617839b,ai,I understand your concern. Let's look at verified local data for your area.,hi,2024-02-15T08:14:01
509,ca4ee239-fb0f-487c-8dcf-89e63617839b,parent,"What if he gets injured, or can't study further?",hi,2024-02-15T08:16:01
510,ca4ee239-fb0f-487c-8dcf-89e63617839b,ai,All centres follow strict safety protocols and this leads to diploma lateral entry.,hi,2024-02-15T08:18:01
511,93332ff0-656b-4b49-a60e-74e2ef0a2c62,learner,"I am interested in this trade, but my parents want to know more.",te,2024-05-14T20:48:45
512,93332ff0-656b-4b49-a60e-74e2ef0a2c62,parent,Is this a respectable job? Will he actually earn enough?,te,2024-05-14T20:50:45
513,93332ff0-656b-4b49-a60e-74e2ef0a2c62,ai,I understand your concern. Let's look at verified local data for your area.,te,2024-05-14T20:52:45
514,93332ff0-656b-4b49-a60e-74e2ef0a2c62,parent,"What if he gets injured, or can't study further?",te,2024-05-14T20:54:45
515,93332ff0-656b-4b49-a60e-74e2ef0a2c62,ai,All centres follow strict safety protocols and this leads to diploma lateral entry.,te,2024-05-14T20:56:45
516,4d624fdf-7e71-48f7-8b36-e717a6739a1c,learner,"I am interested in this trade, but my parents want to know more.",te,2024-01-10T11:43:21
517,4d624fdf-7e71-48f7-8b36-e717a6739a1c,parent,Is this a respectable job? Will he actually earn enough?,te,2024-01-10T11:45:21
518,4d624fdf-7e71-48f7-8b36-e717a6739a1c,ai,I understand your concern. Let's look at verified local data for your area.,te,2024-01-10T11:47:21
519,4d624fdf-7e71-48f7-8b36-e717a6739a1c,parent,"What if he gets injured, or can't study further?",te,2024-01-10T11:49:21
520,4d624fdf-7e71-48f7-8b36-e717a6739a1c,ai,All centres follow strict safety protocols and this leads to diploma lateral entry.,te,2024-01-10T11:51:21
521,84229e01-f57b-4b68-8761-263a816edcbf,learner,"I am interested in this trade, but my parents want to know more.",en,2024-02-20T17:41:51
522,84229e01-f57b-4b68-8761-263a816edcbf,parent,Is this a respectable job? Will he actually earn enough?,en,2024-02-20T17:43:51
523,84229e01-f57b-4b68-8761-263a816edcbf,ai,I understand your concern. Let's look at verified local data for your area.,en,2024-02-20T17:45:51
524,84229e01-f57b-4b68-8761-263a816edcbf,parent,"What if he gets injured, or can't study further?",en,2024-02-20T17:47:51
525,84229e01-f57b-4b68-8761-263a816edcbf,ai,All centres follow strict safety protocols and this leads to diploma lateral entry.,en,2024-02-20T17:49:51
526,36794355-0e2a-4e69-bb47-cec98b4a319f,learner,"I am interested in this trade, but my parents want to know more.",te,2024-06-01T21:08:33
527,36794355-0e2a-4e69-bb47-cec98b4a319f,parent,Is this a respectable job? Will he actually earn enough?,te,2024-06-01T21:10:33
528,36794355-0e2a-4e69-bb47-cec98b4a319f,ai,I understand your concern. Let's look at verified local data for your area.,te,2024-06-01T21:12:33
529,36794355-0e2a-4e69-bb47-cec98b4a319f,parent,"What if he gets injured, or can't study further?",te,2024-06-01T21:14:33
530,36794355-0e2a-4e69-bb47-cec98b4a319f,ai,All centres follow strict safety protocols and this leads to diploma lateral entry.,te,2024-06-01T21:16:33
531,8410b611-499b-4d94-b119-cd456e83055d,learner,"I am interested in this trade, but my parents want to know more.",en,2024-06-21T06:49:13
532,8410b611-499b-4d94-b119-cd456e83055d,parent,Is this a respectable job? Will he actually earn enough?,en,2024-06-21T06:51:13
533,8410b611-499b-4d94-b119-cd456e83055d,ai,I understand your concern. Let's look at verified local data for your area.,en,2024-06-21T06:53:13
534,8410b611-499b-4d94-b119-cd456e83055d,parent,"What if he gets injured, or can't study further?",en,2024-06-21T06:55:13
535,8410b611-499b-4d94-b119-cd456e83055d,ai,All centres follow strict safety protocols and this leads to diploma lateral entry.,en,2024-06-21T06:57:13
536,0420dfe1-f2b8-4e40-984d-c84df1b3b496,learner,"I am interested in this trade, but my parents want to know more.",te,2024-03-26T03:44:09
537,0420dfe1-f2b8-4e40-984d-c84df1b3b496,parent,Is this a respectable job? Will he actually earn enough?,te,2024-03-26T03:46:09
538,0420dfe1-f2b8-4e40-984d-c84df1b3b496,ai,I understand your concern. Let's look at verified local data for your area.,te,2024-03-26T03:48:09
539,0420dfe1-f2b8-4e40-984d-c84df1b3b496,parent,"What if he gets injured, or can't study further?",te,2024-03-26T03:50:09
540,0420dfe1-f2b8-4e40-984d-c84df1b3b496,ai,All centres follow strict safety protocols and this leads to diploma lateral entry.,te,2024-03-26T03:52:09
541,807cc884-1128-4fe9-b068-60aff30b5fcf,learner,"I am interested in this trade, but my parents want to know more.",en,2024-06-17T04:32:49
542,807cc884-1128-4fe9-b068-60aff30b5fcf,parent,Is this a respectable job? Will he actually earn enough?,en,2024-06-17T04:34:49
543,807cc884-1128-4fe9-b068-60aff30b5fcf,ai,I understand your concern. Let's look at verified local data for your area.,en,2024-06-17T04:36:49
544,807cc884-1128-4fe9-b068-60aff30b5fcf,parent,"What if he gets injured, or can't study further?",en,2024-06-17T04:38:49
545,807cc884-1128-4fe9-b068-60aff30b5fcf,ai,All centres follow strict safety protocols and this leads to diploma lateral entry.,en,2024-06-17T04:40:49
546,dba0afa8-9f28-4894-a827-c6fbc6e1cfc5,learner,"I am interested in this trade, but my parents want to know more.",en,2024-05-10T22:57:45
547,dba0afa8-9f28-4894-a827-c6fbc6e1cfc5,parent,Is this a respectable job? Will he actually earn enough?,en,2024-05-10T22:59:45
548,dba0afa8-9f28-4894-a827-c6fbc6e1cfc5,ai,I understand your concern. Let's look at verified local data for your area.,en,2024-05-10T23:01:45
549,dba0afa8-9f28-4894-a827-c6fbc6e1cfc5,parent,"What if he gets injured, or can't study further?",en,2024-05-10T23:03:45
550,dba0afa8-9f28-4894-a827-c6fbc6e1cfc5,ai,All centres follow strict safety protocols and this leads to diploma lateral entry.,en,2024-05-10T23:05:45
551,844a0304-8134-469d-a658-76f99529cee9,learner,"I am interested in this trade, but my parents want to know more.",te,2024-06-06T03:00:41
552,844a0304-8134-469d-a658-76f99529cee9,parent,Is this a respectable job? Will he actually earn enough?,te,2024-06-06T03:02:41
553,844a0304-8134-469d-a658-76f99529cee9,ai,I understand your concern. Let's look at verified local data for your area.,te,2024-06-06T03:04:41
554,844a0304-8134-469d-a658-76f99529cee9,parent,"What if he gets injured, or can't study further?",te,2024-06-06T03:06:41
555,844a0304-8134-469d-a658-76f99529cee9,ai,All centres follow strict safety protocols and this leads to diploma lateral entry.,te,2024-06-06T03:08:41
556,2a110c18-8268-48e8-8fdd-4e0e10973002,learner,"I am interested in this trade, but my parents want to know more.",te,2024-09-19T03:14:21
557,2a110c18-8268-48e8-8fdd-4e0e10973002,parent,Is this a respectable job? Will he actually earn enough?,te,2024-09-19T03:16:21
558,2a110c18-8268-48e8-8fdd-4e0e10973002,ai,I understand your concern. Let's look at verified local data for your area.,te,2024-09-19T03:18:21
559,2a110c18-8268-48e8-8fdd-4e0e10973002,parent,"What if he gets injured, or can't study further?",te,2024-09-19T03:20:21
560,2a110c18-8268-48e8-8fdd-4e0e10973002,ai,All centres follow strict safety protocols and this leads to diploma lateral entry.,te,2024-09-19T03:22:21
561,afa6f29f-dc82-4df1-af40-1710d02d1947,learner,"I am interested in this trade, but my parents want to know more.",en,2024-03-31T15:56:03
562,afa6f29f-dc82-4df1-af40-1710d02d1947,parent,Is this a respectable job? Will he actually earn enough?,en,2024-03-31T15:58:03
563,afa6f29f-dc82-4df1-af40-1710d02d1947,ai,I understand your concern. Let's look at verified local data for your area.,en,2024-03-31T16:00:03
564,afa6f29f-dc82-4df1-af40-1710d02d1947,parent,"What if he gets injured, or can't study further?",en,2024-03-31T16:02:03
565,afa6f29f-dc82-4df1-af40-1710d02d1947,ai,All centres follow strict safety protocols and this leads to diploma lateral entry.,en,2024-03-31T16:04:03
566,9df820c0-8f55-4cd3-9f92-a9e06865ae84,learner,"I am interested in this trade, but my parents want to know more.",hi,2024-04-13T17:33:14
567,9df820c0-8f55-4cd3-9f92-a9e06865ae84,parent,Is this a respectable job? Will he actually earn enough?,hi,2024-04-13T17:35:14
568,9df820c0-8f55-4cd3-9f92-a9e06865ae84,ai,I understand your concern. Let's look at verified local data for your area.,hi,2024-04-13T17:37:14
569,9df820c0-8f55-4cd3-9f92-a9e06865ae84,parent,"What if he gets injured, or can't study further?",hi,2024-04-13T17:39:14
570,9df820c0-8f55-4cd3-9f92-a9e06865ae84,ai,All centres follow strict safety protocols and this leads to diploma lateral entry.,hi,2024-04-13T17:41:14
571,4772126a-b248-446d-bda0-71fbc13cfbb3,learner,"I am interested in this trade, but my parents want to know more.",en,2024-01-19T03:46:10
572,4772126a-b248-446d-bda0-71fbc13cfbb3,parent,Is this a respectable job? Will he actually earn enough?,en,2024-01-19T03:48:10
573,4772126a-b248-446d-bda0-71fbc13cfbb3,ai,I understand your concern. Let's look at verified local data for your area.,en,2024-01-19T03:50:10
574,4772126a-b248-446d-bda0-71fbc13cfbb3,parent,"What if he gets injured, or can't study further?",en,2024-01-19T03:52:10
575,4772126a-b248-446d-bda0-71fbc13cfbb3,ai,All centres follow strict safety protocols and this leads to diploma lateral entry.,en,2024-01-19T03:54:10
576,286bdbea-eed9-407b-a5af-a32e6073b24e,learner,"I am interested in this trade, but my parents want to know more.",en,2024-02-06T12:04:16
577,286bdbea-eed9-407b-a5af-a32e6073b24e,parent,Is this a respectable job? Will he actually earn enough?,en,2024-02-06T12:06:16
578,286bdbea-eed9-407b-a5af-a32e6073b24e,ai,I understand your concern. Let's look at verified local data for your area.,en,2024-02-06T12:08:16
579,286bdbea-eed9-407b-a5af-a32e6073b24e,parent,"What if he gets injured, or can't study further?",en,2024-02-06T12:10:16
580,286bdbea-eed9-407b-a5af-a32e6073b24e,ai,All centres follow strict safety protocols and this leads to diploma lateral entry.,en,2024-02-06T12:12:16
581,50e1134b-09ad-4f3e-b90a-5c0b925afa81,learner,"I am interested in this trade, but my parents want to know more.",hi,2024-03-21T00:00:41
582,50e1134b-09ad-4f3e-b90a-5c0b925afa81,parent,Is this a respectable job? Will he actually earn enough?,hi,2024-03-21T00:02:41
583,50e1134b-09ad-4f3e-b90a-5c0b925afa81,ai,I understand your concern. Let's look at verified local data for your area.,hi,2024-03-21T00:04:41
584,50e1134b-09ad-4f3e-b90a-5c0b925afa81,parent,"What if he gets injured, or can't study further?",hi,2024-03-21T00:06:41
585,50e1134b-09ad-4f3e-b90a-5c0b925afa81,ai,All centres follow strict safety protocols and this leads to diploma lateral entry.,hi,2024-03-21T00:08:41
586,e9f8b325-2ef3-4722-a09a-529686bf97fb,learner,"I am interested in this trade, but my parents want to know more.",en,2024-04-26T07:57:42
587,e9f8b325-2ef3-4722-a09a-529686bf97fb,parent,Is this a respectable job? Will he actually earn enough?,en,2024-04-26T07:59:42
588,e9f8b325-2ef3-4722-a09a-529686bf97fb,ai,I understand your concern. Let's look at verified local data for your area.,en,2024-04-26T08:01:42
589,e9f8b325-2ef3-4722-a09a-529686bf97fb,parent,"What if he gets injured, or can't study further?",en,2024-04-26T08:03:42
590,e9f8b325-2ef3-4722-a09a-529686bf97fb,ai,All centres follow strict safety protocols and this leads to diploma lateral entry.,en,2024-04-26T08:05:42
591,f79deb41-0ce0-41c4-a053-3ea77d7ae50d,learner,"I am interested in this trade, but my parents want to know more.",en,2024-09-19T21:47:40
592,f79deb41-0ce0-41c4-a053-3ea77d7ae50d,parent,Is this a respectable job? Will he actually earn enough?,en,2024-09-19T21:49:40
593,f79deb41-0ce0-41c4-a053-3ea77d7ae50d,ai,I understand your concern. Let's look at verified local data for your area.,en,2024-09-19T21:51:40
594,f79deb41-0ce0-41c4-a053-3ea77d7ae50d,parent,"What if he gets injured, or can't study further?",en,2024-09-19T21:53:40
595,f79deb41-0ce0-41c4-a053-3ea77d7ae50d,ai,All centres follow strict safety protocols and this leads to diploma lateral entry.,en,2024-09-19T21:55:40
596,4987e744-d23d-4248-856d-86e30978e30b,learner,"I am interested in this trade, but my parents want to know more.",hi,2024-05-05T18:58:38
597,4987e744-d23d-4248-856d-86e30978e30b,parent,Is this a respectable job? Will he actually earn enough?,hi,2024-05-05T19:00:38
598,4987e744-d23d-4248-856d-86e30978e30b,ai,I understand your concern. Let's look at verified local data for your area.,hi,2024-05-05T19:02:38
599,4987e744-d23d-4248-856d-86e30978e30b,parent,"What if he gets injured, or can't study further?",hi,2024-05-05T19:04:38
600,4987e744-d23d-4248-856d-86e30978e30b,ai,All centres follow strict safety protocols and this leads to diploma lateral entry.,hi,2024-05-05T19:06:38
601,4f570e25-6ada-4221-931e-523820c25738,learner,"I am interested in this trade, but my parents want to know more.",hi,2024-03-13T01:35:52
602,4f570e25-6ada-4221-931e-523820c25738,parent,Is this a respectable job? Will he actually earn enough?,hi,2024-03-13T01:37:52
603,4f570e25-6ada-4221-931e-523820c25738,ai,I understand your concern. Let's look at verified local data for your area.,hi,2024-03-13T01:39:52
604,4f570e25-6ada-4221-931e-523820c25738,parent,"What if he gets injured, or can't study further?",hi,2024-03-13T01:41:52
605,4f570e25-6ada-4221-931e-523820c25738,ai,All centres follow strict safety protocols and this leads to diploma lateral entry.,hi,2024-03-13T01:43:52
606,9b23bd84-7dfa-4384-a272-220c1aa41fb3,learner,"I am interested in this trade, but my parents want to know more.",en,2024-09-12T04:24:11
607,9b23bd84-7dfa-4384-a272-220c1aa41fb3,parent,Is this a respectable job? Will he actually earn enough?,en,2024-09-12T04:26:11
608,9b23bd84-7dfa-4384-a272-220c1aa41fb3,ai,I understand your concern. Let's look at verified local data for your area.,en,2024-09-12T04:28:11
609,9b23bd84-7dfa-4384-a272-220c1aa41fb3,parent,"What if he gets injured, or can't study further?",en,2024-09-12T04:30:11
610,9b23bd84-7dfa-4384-a272-220c1aa41fb3,ai,All centres follow strict safety protocols and this leads to diploma lateral entry.,en,2024-09-12T04:32:11
611,dd9bf18e-d1d8-456b-b48e-dec302151ca3,learner,"I am interested in this trade, but my parents want to know more.",en,2024-07-21T23:32:00
612,dd9bf18e-d1d8-456b-b48e-dec302151ca3,parent,Is this a respectable job? Will he actually earn enough?,en,2024-07-21T23:34:00
613,dd9bf18e-d1d8-456b-b48e-dec302151ca3,ai,I understand your concern. Let's look at verified local data for your area.,en,2024-07-21T23:36:00
614,dd9bf18e-d1d8-456b-b48e-dec302151ca3,parent,"What if he gets injured, or can't study further?",en,2024-07-21T23:38:00
615,dd9bf18e-d1d8-456b-b48e-dec302151ca3,ai,All centres follow strict safety protocols and this leads to diploma lateral entry.,en,2024-07-21T23:40:00
616,f206ea48-a3d7-4ad2-a4ec-920fb8a4a9ab,learner,"I am interested in this trade, but my parents want to know more.",en,2024-02-15T22:57:46
617,f206ea48-a3d7-4ad2-a4ec-920fb8a4a9ab,parent,Is this a respectable job? Will he actually earn enough?,en,2024-02-15T22:59:46
618,f206ea48-a3d7-4ad2-a4ec-920fb8a4a9ab,ai,I understand your concern. Let's look at verified local data for your area.,en,2024-02-15T23:01:46
619,f206ea48-a3d7-4ad2-a4ec-920fb8a4a9ab,parent,"What if he gets injured, or can't study further?",en,2024-02-15T23:03:46
620,f206ea48-a3d7-4ad2-a4ec-920fb8a4a9ab,ai,All centres follow strict safety protocols and this leads to diploma lateral entry.,en,2024-02-15T23:05:46
621,0799222d-151f-4aa8-aed0-094628892ad6,learner,"I am interested in this trade, but my parents want to know more.",hi,2024-05-08T13:16:44
622,0799222d-151f-4aa8-aed0-094628892ad6,parent,Is this a respectable job? Will he actually earn enough?,hi,2024-05-08T13:18:44
623,0799222d-151f-4aa8-aed0-094628892ad6,ai,I understand your concern. Let's look at verified local data for your area.,hi,2024-05-08T13:20:44
624,0799222d-151f-4aa8-aed0-094628892ad6,parent,"What if he gets injured, or can't study further?",hi,2024-05-08T13:22:44
625,0799222d-151f-4aa8-aed0-094628892ad6,ai,All centres follow strict safety protocols and this leads to diploma lateral entry.,hi,2024-05-08T13:24:44
626,1f6215f6-1288-45b9-97ac-e8b71a9c4bfd,learner,"I am interested in this trade, but my parents want to know more.",en,2024-06-09T08:21:04
627,1f6215f6-1288-45b9-97ac-e8b71a9c4bfd,parent,Is this a respectable job? Will he actually earn enough?,en,2024-06-09T08:23:04
628,1f6215f6-1288-45b9-97ac-e8b71a9c4bfd,ai,I understand your concern. Let's look at verified local data for your area.,en,2024-06-09T08:25:04
629,1f6215f6-1288-45b9-97ac-e8b71a9c4bfd,parent,"What if he gets injured, or can't study further?",en,2024-06-09T08:27:04
630,1f6215f6-1288-45b9-97ac-e8b71a9c4bfd,ai,All centres follow strict safety protocols and this leads to diploma lateral entry.,en,2024-06-09T08:29:04
631,42e542d7-e80c-4791-a788-e1555337e474,learner,"I am interested in this trade, but my parents want to know more.",te,2024-01-08T03:32:26
632,42e542d7-e80c-4791-a788-e1555337e474,parent,Is this a respectable job? Will he actually earn enough?,te,2024-01-08T03:34:26
633,42e542d7-e80c-4791-a788-e1555337e474,ai,I understand your concern. Let's look at verified local data for your area.,te,2024-01-08T03:36:26
634,42e542d7-e80c-4791-a788-e1555337e474,parent,"What if he gets injured, or can't study further?",te,2024-01-08T03:38:26
635,42e542d7-e80c-4791-a788-e1555337e474,ai,All centres follow strict safety protocols and this leads to diploma lateral entry.,te,2024-01-08T03:40:26
636,ef37567f-c661-4324-bbbc-9578fd999245,learner,"I am interested in this trade, but my parents want to know more.",te,2024-03-31T16:22:32
637,ef37567f-c661-4324-bbbc-9578fd999245,parent,Is this a respectable job? Will he actually earn enough?,te,2024-03-31T16:24:32
638,ef37567f-c661-4324-bbbc-9578fd999245,ai,I understand your concern. Let's look at verified local data for your area.,te,2024-03-31T16:26:32
639,ef37567f-c661-4324-bbbc-9578fd999245,parent,"What if he gets injured, or can't study further?",te,2024-03-31T16:28:32
640,ef37567f-c661-4324-bbbc-9578fd999245,ai,All centres follow strict safety protocols and this leads to diploma lateral entry.,te,2024-03-31T16:30:32
641,01b732ee-acea-41b4-809b-acdc84339091,learner,"I am interested in this trade, but my parents want to know more.",en,2024-09-02T16:53:52
642,01b732ee-acea-41b4-809b-acdc84339091,parent,Is this a respectable job? Will he actually earn enough?,en,2024-09-02T16:55:52
643,01b732ee-acea-41b4-809b-acdc84339091,ai,I understand your concern. Let's look at verified local data for your area.,en,2024-09-02T16:57:52
644,01b732ee-acea-41b4-809b-acdc84339091,parent,"What if he gets injured, or can't study further?",en,2024-09-02T16:59:52
645,01b732ee-acea-41b4-809b-acdc84339091,ai,All centres follow strict safety protocols and this leads to diploma lateral entry.,en,2024-09-02T17:01:52
646,62dc72af-4528-4afb-a29c-27690a77ef47,learner,"I am interested in this trade, but my parents want to know more.",te,2024-09-23T20:18:46
647,62dc72af-4528-4afb-a29c-27690a77ef47,parent,Is this a respectable job? Will he actually earn enough?,te,2024-09-23T20:20:46
648,62dc72af-4528-4afb-a29c-27690a77ef47,ai,I understand your concern. Let's look at verified local data for your area.,te,2024-09-23T20:22:46
649,62dc72af-4528-4afb-a29c-27690a77ef47,parent,"What if he gets injured, or can't study further?",te,2024-09-23T20:24:46
650,62dc72af-4528-4afb-a29c-27690a77ef47,ai,All centres follow strict safety protocols and this leads to diploma lateral entry.,te,2024-09-23T20:26:46
651,2f2b776d-eae4-4633-bfa6-187147770e62,learner,"I am interested in this trade, but my parents want to know more.",te,2024-08-19T05:09:21
652,2f2b776d-eae4-4633-bfa6-187147770e62,parent,Is this a respectable job? Will he actually earn enough?,te,2024-08-19T05:11:21
653,2f2b776d-eae4-4633-bfa6-187147770e62,ai,I understand your concern. Let's look at verified local data for your area.,te,2024-08-19T05:13:21
654,2f2b776d-eae4-4633-bfa6-187147770e62,parent,"What if he gets injured, or can't study further?",te,2024-08-19T05:15:21
655,2f2b776d-eae4-4633-bfa6-187147770e62,ai,All centres follow strict safety protocols and this leads to diploma lateral entry.,te,2024-08-19T05:17:21
656,1400578b-fce7-4bdd-82fd-9f0864571a20,learner,"I am interested in this trade, but my parents want to know more.",hi,2024-04-01T05:19:39
657,1400578b-fce7-4bdd-82fd-9f0864571a20,parent,Is this a respectable job? Will he actually earn enough?,hi,2024-04-01T05:21:39
658,1400578b-fce7-4bdd-82fd-9f0864571a20,ai,I understand your concern. Let's look at verified local data for your area.,hi,2024-04-01T05:23:39
659,1400578b-fce7-4bdd-82fd-9f0864571a20,parent,"What if he gets injured, or can't study further?",hi,2024-04-01T05:25:39
660,1400578b-fce7-4bdd-82fd-9f0864571a20,ai,All centres follow strict safety protocols and this leads to diploma lateral entry.,hi,2024-04-01T05:27:39
661,24632480-eb05-46e7-8c47-4d53fde1db19,learner,"I am interested in this trade, but my parents want to know more.",te,2024-02-24T06:31:45
662,24632480-eb05-46e7-8c47-4d53fde1db19,parent,Is this a respectable job? Will he actually earn enough?,te,2024-02-24T06:33:45
663,24632480-eb05-46e7-8c47-4d53fde1db19,ai,I understand your concern. Let's look at verified local data for your area.,te,2024-02-24T06:35:45
664,24632480-eb05-46e7-8c47-4d53fde1db19,parent,"What if he gets injured, or can't study further?",te,2024-02-24T06:37:45
665,24632480-eb05-46e7-8c47-4d53fde1db19,ai,All centres follow strict safety protocols and this leads to diploma lateral entry.,te,2024-02-24T06:39:45
666,4d9636fd-011b-47b7-bff1-ca7f1642f308,learner,"I am interested in this trade, but my parents want to know more.",hi,2024-04-05T10:46:56
667,4d9636fd-011b-47b7-bff1-ca7f1642f308,parent,Is this a respectable job? Will he actually earn enough?,hi,2024-04-05T10:48:56
668,4d9636fd-011b-47b7-bff1-ca7f1642f308,ai,I understand your concern. Let's look at verified local data for your area.,hi,2024-04-05T10:50:56
669,4d9636fd-011b-47b7-bff1-ca7f1642f308,parent,"What if he gets injured, or can't study further?",hi,2024-04-05T10:52:56
670,4d9636fd-011b-47b7-bff1-ca7f1642f308,ai,All centres follow strict safety protocols and this leads to diploma lateral entry.,hi,2024-04-05T10:54:56
671,051bc9a9-bfba-491a-8b61-8bf2babeeca5,learner,"I am interested in this trade, but my parents want to know more.",hi,2024-01-03T06:40:10
672,051bc9a9-bfba-491a-8b61-8bf2babeeca5,parent,Is this a respectable job? Will he actually earn enough?,hi,2024-01-03T06:42:10
673,051bc9a9-bfba-491a-8b61-8bf2babeeca5,ai,I understand your concern. Let's look at verified local data for your area.,hi,2024-01-03T06:44:10
674,051bc9a9-bfba-491a-8b61-8bf2babeeca5,parent,"What if he gets injured, or can't study further?",hi,2024-01-03T06:46:10
675,051bc9a9-bfba-491a-8b61-8bf2babeeca5,ai,All centres follow strict safety protocols and this leads to diploma lateral entry.,hi,2024-01-03T06:48:10
676,bbf6c61c-b92c-4cc8-98b1-8c5a990eb351,learner,"I am interested in this trade, but my parents want to know more.",hi,2024-05-13T01:20:30
677,bbf6c61c-b92c-4cc8-98b1-8c5a990eb351,parent,Is this a respectable job? Will he actually earn enough?,hi,2024-05-13T01:22:30
678,bbf6c61c-b92c-4cc8-98b1-8c5a990eb351,ai,I understand your concern. Let's look at verified local data for your area.,hi,2024-05-13T01:24:30
679,bbf6c61c-b92c-4cc8-98b1-8c5a990eb351,parent,"What if he gets injured, or can't study further?",hi,2024-05-13T01:26:30
680,bbf6c61c-b92c-4cc8-98b1-8c5a990eb351,ai,All centres follow strict safety protocols and this leads to diploma lateral entry.,hi,2024-05-13T01:28:30
681,3c2f94aa-57e7-44b0-8045-abf0a28e7efc,learner,"I am interested in this trade, but my parents want to know more.",en,2024-02-15T03:06:16
682,3c2f94aa-57e7-44b0-8045-abf0a28e7efc,parent,Is this a respectable job? Will he actually earn enough?,en,2024-02-15T03:08:16
683,3c2f94aa-57e7-44b0-8045-abf0a28e7efc,ai,I understand your concern. Let's look at verified local data for your area.,en,2024-02-15T03:10:16
684,3c2f94aa-57e7-44b0-8045-abf0a28e7efc,parent,"What if he gets injured, or can't study further?",en,2024-02-15T03:12:16
685,3c2f94aa-57e7-44b0-8045-abf0a28e7efc,ai,All centres follow strict safety protocols and this leads to diploma lateral entry.,en,2024-02-15T03:14:16
686,bd0a215e-af8b-40eb-be60-b0ba16f1f76f,learner,"I am interested in this trade, but my parents want to know more.",hi,2024-02-02T14:24:18
687,bd0a215e-af8b-40eb-be60-b0ba16f1f76f,parent,Is this a respectable job? Will he actually earn enough?,hi,2024-02-02T14:26:18
688,bd0a215e-af8b-40eb-be60-b0ba16f1f76f,ai,I understand your concern. Let's look at verified local data for your area.,hi,2024-02-02T14:28:18
689,bd0a215e-af8b-40eb-be60-b0ba16f1f76f,parent,"What if he gets injured, or can't study further?",hi,2024-02-02T14:30:18
690,bd0a215e-af8b-40eb-be60-b0ba16f1f76f,ai,All centres follow strict safety protocols and this leads to diploma lateral entry.,hi,2024-02-02T14:32:18
691,5aa15d0b-fefc-4b66-a365-a7f5506065fe,learner,"I am interested in this trade, but my parents want to know more.",en,2024-04-29T09:34:52
692,5aa15d0b-fefc-4b66-a365-a7f5506065fe,parent,Is this a respectable job? Will he actually earn enough?,en,2024-04-29T09:36:52
693,5aa15d0b-fefc-4b66-a365-a7f5506065fe,ai,I understand your concern. Let's look at verified local data for your area.,en,2024-04-29T09:38:52
694,5aa15d0b-fefc-4b66-a365-a7f5506065fe,parent,"What if he gets injured, or can't study further?",en,2024-04-29T09:40:52
695,5aa15d0b-fefc-4b66-a365-a7f5506065fe,ai,All centres follow strict safety protocols and this leads to diploma lateral entry.,en,2024-04-29T09:42:52
696,4b5a2b11-6a4d-4a63-b6b7-707e5d8acabd,learner,"I am interested in this trade, but my parents want to know more.",hi,2024-03-01T16:44:56
697,4b5a2b11-6a4d-4a63-b6b7-707e5d8acabd,parent,Is this a respectable job? Will he actually earn enough?,hi,2024-03-01T16:46:56
698,4b5a2b11-6a4d-4a63-b6b7-707e5d8acabd,ai,I understand your concern. Let's look at verified local data for your area.,hi,2024-03-01T16:48:56
699,4b5a2b11-6a4d-4a63-b6b7-707e5d8acabd,parent,"What if he gets injured, or can't study further?",hi,2024-03-01T16:50:56
700,4b5a2b11-6a4d-4a63-b6b7-707e5d8acabd,ai,All centres follow strict safety protocols and this leads to diploma lateral entry.,hi,2024-03-01T16:52:56
701,486f22cd-8783-4ed8-b287-99a035fb72af,learner,"I am interested in this trade, but my parents want to know more.",hi,2024-05-09T11:00:02
702,486f22cd-8783-4ed8-b287-99a035fb72af,parent,Is this a respectable job? Will he actually earn enough?,hi,2024-05-09T11:02:02
703,486f22cd-8783-4ed8-b287-99a035fb72af,ai,I understand your concern. Let's look at verified local data for your area.,hi,2024-05-09T11:04:02
704,486f22cd-8783-4ed8-b287-99a035fb72af,parent,"What if he gets injured, or can't study further?",hi,2024-05-09T11:06:02
705,486f22cd-8783-4ed8-b287-99a035fb72af,ai,All centres follow strict safety protocols and this leads to diploma lateral entry.,hi,2024-05-09T11:08:02
706,cc81a513-9b8b-401d-867d-387ff729cd14,learner,"I am interested in this trade, but my parents want to know more.",te,2024-09-26T00:14:47
707,cc81a513-9b8b-401d-867d-387ff729cd14,parent,Is this a respectable job? Will he actually earn enough?,te,2024-09-26T00:16:47
708,cc81a513-9b8b-401d-867d-387ff729cd14,ai,I understand your concern. Let's look at verified local data for your area.,te,2024-09-26T00:18:47
709,cc81a513-9b8b-401d-867d-387ff729cd14,parent,"What if he gets injured, or can't study further?",te,2024-09-26T00:20:47
710,cc81a513-9b8b-401d-867d-387ff729cd14,ai,All centres follow strict safety protocols and this leads to diploma lateral entry.,te,2024-09-26T00:22:47
711,44ed6baf-f689-4e6d-9c74-d4900cbd744b,learner,"I am interested in this trade, but my parents want to know more.",en,2024-05-29T12:47:10
712,44ed6baf-f689-4e6d-9c74-d4900cbd744b,parent,Is this a respectable job? Will he actually earn enough?,en,2024-05-29T12:49:10
713,44ed6baf-f689-4e6d-9c74-d4900cbd744b,ai,I understand your concern. Let's look at verified local data for your area.,en,2024-05-29T12:51:10
714,44ed6baf-f689-4e6d-9c74-d4900cbd744b,parent,"What if he gets injured, or can't study further?",en,2024-05-29T12:53:10
715,44ed6baf-f689-4e6d-9c74-d4900cbd744b,ai,All centres follow strict safety protocols and this leads to diploma lateral entry.,en,2024-05-29T12:55:10
716,e2da0428-8289-484f-a32b-f9f22a9aadb8,learner,"I am interested in this trade, but my parents want to know more.",en,2024-01-21T17:37:15
717,e2da0428-8289-484f-a32b-f9f22a9aadb8,parent,Is this a respectable job? Will he actually earn enough?,en,2024-01-21T17:39:15
718,e2da0428-8289-484f-a32b-f9f22a9aadb8,ai,I understand your concern. Let's look at verified local data for your area.,en,2024-01-21T17:41:15
719,e2da0428-8289-484f-a32b-f9f22a9aadb8,parent,"What if he gets injured, or can't study further?",en,2024-01-21T17:43:15
720,e2da0428-8289-484f-a32b-f9f22a9aadb8,ai,All centres follow strict safety protocols and this leads to diploma lateral entry.,en,2024-01-21T17:45:15
721,d90d0dfb-9b10-4da2-93f8-0ba04c922fa5,learner,"I am interested in this trade, but my parents want to know more.",hi,2024-04-14T02:48:09
722,d90d0dfb-9b10-4da2-93f8-0ba04c922fa5,parent,Is this a respectable job? Will he actually earn enough?,hi,2024-04-14T02:50:09
723,d90d0dfb-9b10-4da2-93f8-0ba04c922fa5,ai,I understand your concern. Let's look at verified local data for your area.,hi,2024-04-14T02:52:09
724,d90d0dfb-9b10-4da2-93f8-0ba04c922fa5,parent,"What if he gets injured, or can't study further?",hi,2024-04-14T02:54:09
725,d90d0dfb-9b10-4da2-93f8-0ba04c922fa5,ai,All centres follow strict safety protocols and this leads to diploma lateral entry.,hi,2024-04-14T02:56:09
726,3468e00e-0560-44a6-972d-efebde5cc133,learner,"I am interested in this trade, but my parents want to know more.",en,2024-01-11T09:11:17
727,3468e00e-0560-44a6-972d-efebde5cc133,parent,Is this a respectable job? Will he actually earn enough?,en,2024-01-11T09:13:17
728,3468e00e-0560-44a6-972d-efebde5cc133,ai,I understand your concern. Let's look at verified local data for your area.,en,2024-01-11T09:15:17
729,3468e00e-0560-44a6-972d-efebde5cc133,parent,"What if he gets injured, or can't study further?",en,2024-01-11T09:17:17
730,3468e00e-0560-44a6-972d-efebde5cc133,ai,All centres follow strict safety protocols and this leads to diploma lateral entry.,en,2024-01-11T09:19:17
731,10abc733-0897-4fc4-ae38-27673361f51f,learner,"I am interested in this trade, but my parents want to know more.",te,2024-06-04T15:28:51
732,10abc733-0897-4fc4-ae38-27673361f51f,parent,Is this a respectable job? Will he actually earn enough?,te,2024-06-04T15:30:51
733,10abc733-0897-4fc4-ae38-27673361f51f,ai,I understand your concern. Let's look at verified local data for your area.,te,2024-06-04T15:32:51
734,10abc733-0897-4fc4-ae38-27673361f51f,parent,"What if he gets injured, or can't study further?",te,2024-06-04T15:34:51
735,10abc733-0897-4fc4-ae38-27673361f51f,ai,All centres follow strict safety protocols and this leads to diploma lateral entry.,te,2024-06-04T15:36:51
736,45e5aee1-40e1-4f8f-ae19-5327ad4ec97e,learner,"I am interested in this trade, but my parents want to know more.",te,2024-08-19T17:21:02
737,45e5aee1-40e1-4f8f-ae19-5327ad4ec97e,parent,Is this a respectable job? Will he actually earn enough?,te,2024-08-19T17:23:02
738,45e5aee1-40e1-4f8f-ae19-5327ad4ec97e,ai,I understand your concern. Let's look at verified local data for your area.,te,2024-08-19T17:25:02
739,45e5aee1-40e1-4f8f-ae19-5327ad4ec97e,parent,"What if he gets injured, or can't study further?",te,2024-08-19T17:27:02
740,45e5aee1-40e1-4f8f-ae19-5327ad4ec97e,ai,All centres follow strict safety protocols and this leads to diploma lateral entry.,te,2024-08-19T17:29:02
741,9393b491-5c10-4a0b-a388-ad91b5bcbeed,learner,"I am interested in this trade, but my parents want to know more.",te,2024-08-08T20:20:08
742,9393b491-5c10-4a0b-a388-ad91b5bcbeed,parent,Is this a respectable job? Will he actually earn enough?,te,2024-08-08T20:22:08
743,9393b491-5c10-4a0b-a388-ad91b5bcbeed,ai,I understand your concern. Let's look at verified local data for your area.,te,2024-08-08T20:24:08
744,9393b491-5c10-4a0b-a388-ad91b5bcbeed,parent,"What if he gets injured, or can't study further?",te,2024-08-08T20:26:08
745,9393b491-5c10-4a0b-a388-ad91b5bcbeed,ai,All centres follow strict safety protocols and this leads to diploma lateral entry.,te,2024-08-08T20:28:08
746,04b80049-314d-4a5e-b184-d49f3536eb16,learner,"I am interested in this trade, but my parents want to know more.",hi,2024-03-13T22:52:58
747,04b80049-314d-4a5e-b184-d49f3536eb16,parent,Is this a respectable job? Will he actually earn enough?,hi,2024-03-13T22:54:58
748,04b80049-314d-4a5e-b184-d49f3536eb16,ai,I understand your concern. Let's look at verified local data for your area.,hi,2024-03-13T22:56:58
749,04b80049-314d-4a5e-b184-d49f3536eb16,parent,"What if he gets injured, or can't study further?",hi,2024-03-13T22:58:58
750,04b80049-314d-4a5e-b184-d49f3536eb16,ai,All centres follow strict safety protocols and this leads to diploma lateral entry.,hi,2024-03-13T23:00:58
751,8a3b1e90-257c-4792-8363-bc58648361ce,learner,"I am interested in this trade, but my parents want to know more.",en,2024-01-26T07:27:43
752,8a3b1e90-257c-4792-8363-bc58648361ce,parent,Is this a respectable job? Will he actually earn enough?,en,2024-01-26T07:29:43
753,8a3b1e90-257c-4792-8363-bc58648361ce,ai,I understand your concern. Let's look at verified local data for your area.,en,2024-01-26T07:31:43
754,8a3b1e90-257c-4792-8363-bc58648361ce,parent,"What if he gets injured, or can't study further?",en,2024-01-26T07:33:43
755,8a3b1e90-257c-4792-8363-bc58648361ce,ai,All centres follow strict safety protocols and this leads to diploma lateral entry.,en,2024-01-26T07:35:43
756,aab66550-07ea-4779-9bf2-f8845059a19f,learner,"I am interested in this trade, but my parents want to know more.",hi,2024-03-30T05:14:56
757,aab66550-07ea-4779-9bf2-f8845059a19f,parent,Is this a respectable job? Will he actually earn enough?,hi,2024-03-30T05:16:56
758,aab66550-07ea-4779-9bf2-f8845059a19f,ai,I understand your concern. Let's look at verified local data for your area.,hi,2024-03-30T05:18:56
759,aab66550-07ea-4779-9bf2-f8845059a19f,parent,"What if he gets injured, or can't study further?",hi,2024-03-30T05:20:56
760,aab66550-07ea-4779-9bf2-f8845059a19f,ai,All centres follow strict safety protocols and this leads to diploma lateral entry.,hi,2024-03-30T05:22:56
761,3caba720-b152-4d1d-97d1-6bcd18f2359d,learner,"I am interested in this trade, but my parents want to know more.",en,2024-03-29T16:33:12
762,3caba720-b152-4d1d-97d1-6bcd18f2359d,parent,Is this a respectable job? Will he actually earn enough?,en,2024-03-29T16:35:12
763,3caba720-b152-4d1d-97d1-6bcd18f2359d,ai,I understand your concern. Let's look at verified local data for your area.,en,2024-03-29T16:37:12
764,3caba720-b152-4d1d-97d1-6bcd18f2359d,parent,"What if he gets injured, or can't study further?",en,2024-03-29T16:39:12
765,3caba720-b152-4d1d-97d1-6bcd18f2359d,ai,All centres follow strict safety protocols and this leads to diploma lateral entry.,en,2024-03-29T16:41:12
766,0d3343b5-5966-427f-af3c-e631609afc0d,learner,"I am interested in this trade, but my parents want to know more.",en,2024-08-01T00:11:59
767,0d3343b5-5966-427f-af3c-e631609afc0d,parent,Is this a respectable job? Will he actually earn enough?,en,2024-08-01T00:13:59
768,0d3343b5-5966-427f-af3c-e631609afc0d,ai,I understand your concern. Let's look at verified local data for your area.,en,2024-08-01T00:15:59
769,0d3343b5-5966-427f-af3c-e631609afc0d,parent,"What if he gets injured, or can't study further?",en,2024-08-01T00:17:59
770,0d3343b5-5966-427f-af3c-e631609afc0d,ai,All centres follow strict safety protocols and this leads to diploma lateral entry.,en,2024-08-01T00:19:59
771,2e16444d-82df-40ff-9ea6-b09f387d1d11,learner,"I am interested in this trade, but my parents want to know more.",te,2024-09-19T20:58:11
772,2e16444d-82df-40ff-9ea6-b09f387d1d11,parent,Is this a respectable job? Will he actually earn enough?,te,2024-09-19T21:00:11
773,2e16444d-82df-40ff-9ea6-b09f387d1d11,ai,I understand your concern. Let's look at verified local data for your area.,te,2024-09-19T21:02:11
774,2e16444d-82df-40ff-9ea6-b09f387d1d11,parent,"What if he gets injured, or can't study further?",te,2024-09-19T21:04:11
775,2e16444d-82df-40ff-9ea6-b09f387d1d11,ai,All centres follow strict safety protocols and this leads to diploma lateral entry.,te,2024-09-19T21:06:11
776,5ff71798-9128-4458-b7d7-e3bf2ade641c,learner,"I am interested in this trade, but my parents want to know more.",en,2024-04-12T13:36:31
777,5ff71798-9128-4458-b7d7-e3bf2ade641c,parent,Is this a respectable job? Will he actually earn enough?,en,2024-04-12T13:38:31
778,5ff71798-9128-4458-b7d7-e3bf2ade641c,ai,I understand your concern. Let's look at verified local data for your area.,en,2024-04-12T13:40:31
779,5ff71798-9128-4458-b7d7-e3bf2ade641c,parent,"What if he gets injured, or can't study further?",en,2024-04-12T13:42:31
780,5ff71798-9128-4458-b7d7-e3bf2ade641c,ai,All centres follow strict safety protocols and this leads to diploma lateral entry.,en,2024-04-12T13:44:31
781,720a84fa-7058-4baa-a8ed-a16ccecff044,learner,"I am interested in this trade, but my parents want to know more.",te,2024-03-27T07:04:35
782,720a84fa-7058-4baa-a8ed-a16ccecff044,parent,Is this a respectable job? Will he actually earn enough?,te,2024-03-27T07:06:35
783,720a84fa-7058-4baa-a8ed-a16ccecff044,ai,I understand your concern. Let's look at verified local data for your area.,te,2024-03-27T07:08:35
784,720a84fa-7058-4baa-a8ed-a16ccecff044,parent,"What if he gets injured, or can't study further?",te,2024-03-27T07:10:35
785,720a84fa-7058-4baa-a8ed-a16ccecff044,ai,All centres follow strict safety protocols and this leads to diploma lateral entry.,te,2024-03-27T07:12:35
786,f4998525-0c3d-4836-966b-c106c316b539,learner,"I am interested in this trade, but my parents want to know more.",en,2024-01-13T01:16:26
787,f4998525-0c3d-4836-966b-c106c316b539,parent,Is this a respectable job? Will he actually earn enough?,en,2024-01-13T01:18:26
788,f4998525-0c3d-4836-966b-c106c316b539,ai,I understand your concern. Let's look at verified local data for your area.,en,2024-01-13T01:20:26
789,f4998525-0c3d-4836-966b-c106c316b539,parent,"What if he gets injured, or can't study further?",en,2024-01-13T01:22:26
790,f4998525-0c3d-4836-966b-c106c316b539,ai,All centres follow strict safety protocols and this leads to diploma lateral entry.,en,2024-01-13T01:24:26
791,f1a02470-ef00-4a7d-b0e4-36f0472469f1,learner,"I am interested in this trade, but my parents want to know more.",te,2024-04-04T06:06:16
792,f1a02470-ef00-4a7d-b0e4-36f0472469f1,parent,Is this a respectable job? Will he actually earn enough?,te,2024-04-04T06:08:16
793,f1a02470-ef00-4a7d-b0e4-36f0472469f1,ai,I understand your concern. Let's look at verified local data for your area.,te,2024-04-04T06:10:16
794,f1a02470-ef00-4a7d-b0e4-36f0472469f1,parent,"What if he gets injured, or can't study further?",te,2024-04-04T06:12:16
795,f1a02470-ef00-4a7d-b0e4-36f0472469f1,ai,All centres follow strict safety protocols and this leads to diploma lateral entry.,te,2024-04-04T06:14:16
796,8573c795-6e6b-4340-a261-b410ddcc26eb,learner,"I am interested in this trade, but my parents want to know more.",en,2024-09-19T02:21:31
797,8573c795-6e6b-4340-a261-b410ddcc26eb,parent,Is this a respectable job? Will he actually earn enough?,en,2024-09-19T02:23:31
798,8573c795-6e6b-4340-a261-b410ddcc26eb,ai,I understand your concern. Let's look at verified local data for your area.,en,2024-09-19T02:25:31
799,8573c795-6e6b-4340-a261-b410ddcc26eb,parent,"What if he gets injured, or can't study further?",en,2024-09-19T02:27:31
800,8573c795-6e6b-4340-a261-b410ddcc26eb,ai,All centres follow strict safety protocols and this leads to diploma lateral entry.,en,2024-09-19T02:29:31
801,c73e1d72-80f5-4ca0-acae-75c91349dcc0,learner,"I am interested in this trade, but my parents want to know more.",te,2024-05-12T06:34:48
802,c73e1d72-80f5-4ca0-acae-75c91349dcc0,parent,Is this a respectable job? Will he actually earn enough?,te,2024-05-12T06:36:48
803,c73e1d72-80f5-4ca0-acae-75c91349dcc0,ai,I understand your concern. Let's look at verified local data for your area.,te,2024-05-12T06:38:48
804,c73e1d72-80f5-4ca0-acae-75c91349dcc0,parent,"What if he gets injured, or can't study further?",te,2024-05-12T06:40:48
805,c73e1d72-80f5-4ca0-acae-75c91349dcc0,ai,All centres follow strict safety protocols and this leads to diploma lateral entry.,te,2024-05-12T06:42:48
806,96c5b5f8-aff1-46a0-ae69-3887b5778667,learner,"I am interested in this trade, but my parents want to know more.",hi,2024-09-28T18:06:06
807,96c5b5f8-aff1-46a0-ae69-3887b5778667,parent,Is this a respectable job? Will he actually earn enough?,hi,2024-09-28T18:08:06
808,96c5b5f8-aff1-46a0-ae69-3887b5778667,ai,I understand your concern. Let's look at verified local data for your area.,hi,2024-09-28T18:10:06
809,96c5b5f8-aff1-46a0-ae69-3887b5778667,parent,"What if he gets injured, or can't study further?",hi,2024-09-28T18:12:06
810,96c5b5f8-aff1-46a0-ae69-3887b5778667,ai,All centres follow strict safety protocols and this leads to diploma lateral entry.,hi,2024-09-28T18:14:06
811,ead12a0f-2bb6-4862-8c3b-ff45b0297796,learner,"I am interested in this trade, but my parents want to know more.",te,2024-01-12T02:44:32
812,ead12a0f-2bb6-4862-8c3b-ff45b0297796,parent,Is this a respectable job? Will he actually earn enough?,te,2024-01-12T02:46:32
813,ead12a0f-2bb6-4862-8c3b-ff45b0297796,ai,I understand your concern. Let's look at verified local data for your area.,te,2024-01-12T02:48:32
814,ead12a0f-2bb6-4862-8c3b-ff45b0297796,parent,"What if he gets injured, or can't study further?",te,2024-01-12T02:50:32
815,ead12a0f-2bb6-4862-8c3b-ff45b0297796,ai,All centres follow strict safety protocols and this leads to diploma lateral entry.,te,2024-01-12T02:52:32
816,de469e71-02c9-432a-b658-61d5cdf1cb65,learner,"I am interested in this trade, but my parents want to know more.",en,2024-03-14T14:18:44
817,de469e71-02c9-432a-b658-61d5cdf1cb65,parent,Is this a respectable job? Will he actually earn enough?,en,2024-03-14T14:20:44
818,de469e71-02c9-432a-b658-61d5cdf1cb65,ai,I understand your concern. Let's look at verified local data for your area.,en,2024-03-14T14:22:44
819,de469e71-02c9-432a-b658-61d5cdf1cb65,parent,"What if he gets injured, or can't study further?",en,2024-03-14T14:24:44
820,de469e71-02c9-432a-b658-61d5cdf1cb65,ai,All centres follow strict safety protocols and this leads to diploma lateral entry.,en,2024-03-14T14:26:44
821,1e8968f3-8138-4192-9b23-702d7cb86a05,learner,"I am interested in this trade, but my parents want to know more.",te,2024-06-19T22:39:23
822,1e8968f3-8138-4192-9b23-702d7cb86a05,parent,Is this a respectable job? Will he actually earn enough?,te,2024-06-19T22:41:23
823,1e8968f3-8138-4192-9b23-702d7cb86a05,ai,I understand your concern. Let's look at verified local data for your area.,te,2024-06-19T22:43:23
824,1e8968f3-8138-4192-9b23-702d7cb86a05,parent,"What if he gets injured, or can't study further?",te,2024-06-19T22:45:23
825,1e8968f3-8138-4192-9b23-702d7cb86a05,ai,All centres follow strict safety protocols and this leads to diploma lateral entry.,te,2024-06-19T22:47:23
826,0af522f9-abe5-44e9-8caf-1df24fc10eff,learner,"I am interested in this trade, but my parents want to know more.",en,2024-01-03T02:57:13
827,0af522f9-abe5-44e9-8caf-1df24fc10eff,parent,Is this a respectable job? Will he actually earn enough?,en,2024-01-03T02:59:13
828,0af522f9-abe5-44e9-8caf-1df24fc10eff,ai,I understand your concern. Let's look at verified local data for your area.,en,2024-01-03T03:01:13
829,0af522f9-abe5-44e9-8caf-1df24fc10eff,parent,"What if he gets injured, or can't study further?",en,2024-01-03T03:03:13
830,0af522f9-abe5-44e9-8caf-1df24fc10eff,ai,All centres follow strict safety protocols and this leads to diploma lateral entry.,en,2024-01-03T03:05:13
831,3899363d-bd28-4cfb-a66a-0a32771f6013,learner,"I am interested in this trade, but my parents want to know more.",en,2024-05-27T13:31:09
832,3899363d-bd28-4cfb-a66a-0a32771f6013,parent,Is this a respectable job? Will he actually earn enough?,en,2024-05-27T13:33:09
833,3899363d-bd28-4cfb-a66a-0a32771f6013,ai,I understand your concern. Let's look at verified local data for your area.,en,2024-05-27T13:35:09
834,3899363d-bd28-4cfb-a66a-0a32771f6013,parent,"What if he gets injured, or can't study further?",en,2024-05-27T13:37:09
835,3899363d-bd28-4cfb-a66a-0a32771f6013,ai,All centres follow strict safety protocols and this leads to diploma lateral entry.,en,2024-05-27T13:39:09
836,63d4903a-007c-48c3-9141-31beec045e6a,learner,"I am interested in this trade, but my parents want to know more.",en,2024-01-30T23:15:14
837,63d4903a-007c-48c3-9141-31beec045e6a,parent,Is this a respectable job? Will he actually earn enough?,en,2024-01-30T23:17:14
838,63d4903a-007c-48c3-9141-31beec045e6a,ai,I understand your concern. Let's look at verified local data for your area.,en,2024-01-30T23:19:14
839,63d4903a-007c-48c3-9141-31beec045e6a,parent,"What if he gets injured, or can't study further?",en,2024-01-30T23:21:14
840,63d4903a-007c-48c3-9141-31beec045e6a,ai,All centres follow strict safety protocols and this leads to diploma lateral entry.,en,2024-01-30T23:23:14
841,cf45a0ba-b679-467d-9fc5-251475e7dc5f,learner,"I am interested in this trade, but my parents want to know more.",te,2024-09-08T11:34:53
842,cf45a0ba-b679-467d-9fc5-251475e7dc5f,parent,Is this a respectable job? Will he actually earn enough?,te,2024-09-08T11:36:53
843,cf45a0ba-b679-467d-9fc5-251475e7dc5f,ai,I understand your concern. Let's look at verified local data for your area.,te,2024-09-08T11:38:53
844,cf45a0ba-b679-467d-9fc5-251475e7dc5f,parent,"What if he gets injured, or can't study further?",te,2024-09-08T11:40:53
845,cf45a0ba-b679-467d-9fc5-251475e7dc5f,ai,All centres follow strict safety protocols and this leads to diploma lateral entry.,te,2024-09-08T11:42:53
846,80eb4ad5-a546-4a2e-8245-321df8a3ac6f,learner,"I am interested in this trade, but my parents want to know more.",te,2024-04-18T02:12:13
847,80eb4ad5-a546-4a2e-8245-321df8a3ac6f,parent,Is this a respectable job? Will he actually earn enough?,te,2024-04-18T02:14:13
848,80eb4ad5-a546-4a2e-8245-321df8a3ac6f,ai,I understand your concern. Let's look at verified local data for your area.,te,2024-04-18T02:16:13
849,80eb4ad5-a546-4a2e-8245-321df8a3ac6f,parent,"What if he gets injured, or can't study further?",te,2024-04-18T02:18:13
850,80eb4ad5-a546-4a2e-8245-321df8a3ac6f,ai,All centres follow strict safety protocols and this leads to diploma lateral entry.,te,2024-04-18T02:20:13
851,65b3f20e-1149-44b3-a8dd-115bbd8fb737,learner,"I am interested in this trade, but my parents want to know more.",hi,2024-04-15T22:29:04
852,65b3f20e-1149-44b3-a8dd-115bbd8fb737,parent,Is this a respectable job? Will he actually earn enough?,hi,2024-04-15T22:31:04
853,65b3f20e-1149-44b3-a8dd-115bbd8fb737,ai,I understand your concern. Let's look at verified local data for your area.,hi,2024-04-15T22:33:04
854,65b3f20e-1149-44b3-a8dd-115bbd8fb737,parent,"What if he gets injured, or can't study further?",hi,2024-04-15T22:35:04
855,65b3f20e-1149-44b3-a8dd-115bbd8fb737,ai,All centres follow strict safety protocols and this leads to diploma lateral entry.,hi,2024-04-15T22:37:04
856,3ef490bc-5fd4-4d5c-ab83-f7710ea96d1b,learner,"I am interested in this trade, but my parents want to know more.",te,2024-03-13T05:24:55
857,3ef490bc-5fd4-4d5c-ab83-f7710ea96d1b,parent,Is this a respectable job? Will he actually earn enough?,te,2024-03-13T05:26:55
858,3ef490bc-5fd4-4d5c-ab83-f7710ea96d1b,ai,I understand your concern. Let's look at verified local data for your area.,te,2024-03-13T05:28:55
859,3ef490bc-5fd4-4d5c-ab83-f7710ea96d1b,parent,"What if he gets injured, or can't study further?",te,2024-03-13T05:30:55
860,3ef490bc-5fd4-4d5c-ab83-f7710ea96d1b,ai,All centres follow strict safety protocols and this leads to diploma lateral entry.,te,2024-03-13T05:32:55
861,0714aadb-d4ce-4e8e-90ff-172b04011bcf,learner,"I am interested in this trade, but my parents want to know more.",en,2024-08-08T23:57:15
862,0714aadb-d4ce-4e8e-90ff-172b04011bcf,parent,Is this a respectable job? Will he actually earn enough?,en,2024-08-08T23:59:15
863,0714aadb-d4ce-4e8e-90ff-172b04011bcf,ai,I understand your concern. Let's look at verified local data for your area.,en,2024-08-09T00:01:15
864,0714aadb-d4ce-4e8e-90ff-172b04011bcf,parent,"What if he gets injured, or can't study further?",en,2024-08-09T00:03:15
865,0714aadb-d4ce-4e8e-90ff-172b04011bcf,ai,All centres follow strict safety protocols and this leads to diploma lateral entry.,en,2024-08-09T00:05:15
866,aabf6bc7-85b1-43bd-9a46-59bac6840938,learner,"I am interested in this trade, but my parents want to know more.",te,2024-09-16T01:10:35
867,aabf6bc7-85b1-43bd-9a46-59bac6840938,parent,Is this a respectable job? Will he actually earn enough?,te,2024-09-16T01:12:35
868,aabf6bc7-85b1-43bd-9a46-59bac6840938,ai,I understand your concern. Let's look at verified local data for your area.,te,2024-09-16T01:14:35
869,aabf6bc7-85b1-43bd-9a46-59bac6840938,parent,"What if he gets injured, or can't study further?",te,2024-09-16T01:16:35
870,aabf6bc7-85b1-43bd-9a46-59bac6840938,ai,All centres follow strict safety protocols and this leads to diploma lateral entry.,te,2024-09-16T01:18:35
871,ff9cdeba-ff32-4b71-a003-ec6832dc5254,learner,"I am interested in this trade, but my parents want to know more.",hi,2024-04-26T06:29:14
872,ff9cdeba-ff32-4b71-a003-ec6832dc5254,parent,Is this a respectable job? Will he actually earn enough?,hi,2024-04-26T06:31:14
873,ff9cdeba-ff32-4b71-a003-ec6832dc5254,ai,I understand your concern. Let's look at verified local data for your area.,hi,2024-04-26T06:33:14
874,ff9cdeba-ff32-4b71-a003-ec6832dc5254,parent,"What if he gets injured, or can't study further?",hi,2024-04-26T06:35:14
875,ff9cdeba-ff32-4b71-a003-ec6832dc5254,ai,All centres follow strict safety protocols and this leads to diploma lateral entry.,hi,2024-04-26T06:37:14
876,8e7a4a8e-80cc-4a11-b73e-3341b72bb195,learner,"I am interested in this trade, but my parents want to know more.",hi,2024-01-25T05:20:29
877,8e7a4a8e-80cc-4a11-b73e-3341b72bb195,parent,Is this a respectable job? Will he actually earn enough?,hi,2024-01-25T05:22:29
878,8e7a4a8e-80cc-4a11-b73e-3341b72bb195,ai,I understand your concern. Let's look at verified local data for your area.,hi,2024-01-25T05:24:29
879,8e7a4a8e-80cc-4a11-b73e-3341b72bb195,parent,"What if he gets injured, or can't study further?",hi,2024-01-25T05:26:29
880,8e7a4a8e-80cc-4a11-b73e-3341b72bb195,ai,All centres follow strict safety protocols and this leads to diploma lateral entry.,hi,2024-01-25T05:28:29
881,3e66983c-d5a7-406b-8c4e-a4234104db89,learner,"I am interested in this trade, but my parents want to know more.",hi,2024-01-30T19:13:53
882,3e66983c-d5a7-406b-8c4e-a4234104db89,parent,Is this a respectable job? Will he actually earn enough?,hi,2024-01-30T19:15:53
883,3e66983c-d5a7-406b-8c4e-a4234104db89,ai,I understand your concern. Let's look at verified local data for your area.,hi,2024-01-30T19:17:53
884,3e66983c-d5a7-406b-8c4e-a4234104db89,parent,"What if he gets injured, or can't study further?",hi,2024-01-30T19:19:53
885,3e66983c-d5a7-406b-8c4e-a4234104db89,ai,All centres follow strict safety protocols and this leads to diploma lateral entry.,hi,2024-01-30T19:21:53
886,9a0a1134-8899-42cb-b25b-4ccdc94065b0,learner,"I am interested in this trade, but my parents want to know more.",te,2024-06-08T16:17:21
887,9a0a1134-8899-42cb-b25b-4ccdc94065b0,parent,Is this a respectable job? Will he actually earn enough?,te,2024-06-08T16:19:21
888,9a0a1134-8899-42cb-b25b-4ccdc94065b0,ai,I understand your concern. Let's look at verified local data for your area.,te,2024-06-08T16:21:21
889,9a0a1134-8899-42cb-b25b-4ccdc94065b0,parent,"What if he gets injured, or can't study further?",te,2024-06-08T16:23:21
890,9a0a1134-8899-42cb-b25b-4ccdc94065b0,ai,All centres follow strict safety protocols and this leads to diploma lateral entry.,te,2024-06-08T16:25:21
891,1bae5c2f-f948-4cb3-868a-257edec3a13a,learner,"I am interested in this trade, but my parents want to know more.",en,2024-09-28T09:32:24
892,1bae5c2f-f948-4cb3-868a-257edec3a13a,parent,Is this a respectable job? Will he actually earn enough?,en,2024-09-28T09:34:24
893,1bae5c2f-f948-4cb3-868a-257edec3a13a,ai,I understand your concern. Let's look at verified local data for your area.,en,2024-09-28T09:36:24
894,1bae5c2f-f948-4cb3-868a-257edec3a13a,parent,"What if he gets injured, or can't study further?",en,2024-09-28T09:38:24
895,1bae5c2f-f948-4cb3-868a-257edec3a13a,ai,All centres follow strict safety protocols and this leads to diploma lateral entry.,en,2024-09-28T09:40:24
896,372e9c95-1ee7-45d2-850f-3d0345f18ef1,learner,"I am interested in this trade, but my parents want to know more.",en,2024-01-28T17:33:32
897,372e9c95-1ee7-45d2-850f-3d0345f18ef1,parent,Is this a respectable job? Will he actually earn enough?,en,2024-01-28T17:35:32
898,372e9c95-1ee7-45d2-850f-3d0345f18ef1,ai,I understand your concern. Let's look at verified local data for your area.,en,2024-01-28T17:37:32
899,372e9c95-1ee7-45d2-850f-3d0345f18ef1,parent,"What if he gets injured, or can't study further?",en,2024-01-28T17:39:32
900,372e9c95-1ee7-45d2-850f-3d0345f18ef1,ai,All centres follow strict safety protocols and this leads to diploma lateral entry.,en,2024-01-28T17:41:32
901,a05ff35a-ef1a-4f91-a083-4601d969f56b,learner,"I am interested in this trade, but my parents want to know more.",te,2024-06-12T06:30:23
902,a05ff35a-ef1a-4f91-a083-4601d969f56b,parent,Is this a respectable job? Will he actually earn enough?,te,2024-06-12T06:32:23
903,a05ff35a-ef1a-4f91-a083-4601d969f56b,ai,I understand your concern. Let's look at verified local data for your area.,te,2024-06-12T06:34:23
904,a05ff35a-ef1a-4f91-a083-4601d969f56b,parent,"What if he gets injured, or can't study further?",te,2024-06-12T06:36:23
905,a05ff35a-ef1a-4f91-a083-4601d969f56b,ai,All centres follow strict safety protocols and this leads to diploma lateral entry.,te,2024-06-12T06:38:23
906,2bfbc9bc-bdb4-45b6-a0df-26713e4f98fb,learner,"I am interested in this trade, but my parents want to know more.",hi,2024-05-09T17:42:01
907,2bfbc9bc-bdb4-45b6-a0df-26713e4f98fb,parent,Is this a respectable job? Will he actually earn enough?,hi,2024-05-09T17:44:01
908,2bfbc9bc-bdb4-45b6-a0df-26713e4f98fb,ai,I understand your concern. Let's look at verified local data for your area.,hi,2024-05-09T17:46:01
909,2bfbc9bc-bdb4-45b6-a0df-26713e4f98fb,parent,"What if he gets injured, or can't study further?",hi,2024-05-09T17:48:01
910,2bfbc9bc-bdb4-45b6-a0df-26713e4f98fb,ai,All centres follow strict safety protocols and this leads to diploma lateral entry.,hi,2024-05-09T17:50:01
911,c379ab3c-05f5-4671-b99c-ad0d5f343863,learner,"I am interested in this trade, but my parents want to know more.",en,2024-04-10T13:09:01
912,c379ab3c-05f5-4671-b99c-ad0d5f343863,parent,Is this a respectable job? Will he actually earn enough?,en,2024-04-10T13:11:01
913,c379ab3c-05f5-4671-b99c-ad0d5f343863,ai,I understand your concern. Let's look at verified local data for your area.,en,2024-04-10T13:13:01
914,c379ab3c-05f5-4671-b99c-ad0d5f343863,parent,"What if he gets injured, or can't study further?",en,2024-04-10T13:15:01
915,c379ab3c-05f5-4671-b99c-ad0d5f343863,ai,All centres follow strict safety protocols and this leads to diploma lateral entry.,en,2024-04-10T13:17:01
916,76104411-249f-47aa-9f24-fdca9d214362,learner,"I am interested in this trade, but my parents want to know more.",hi,2024-05-16T19:00:28
917,76104411-249f-47aa-9f24-fdca9d214362,parent,Is this a respectable job? Will he actually earn enough?,hi,2024-05-16T19:02:28
918,76104411-249f-47aa-9f24-fdca9d214362,ai,I understand your concern. Let's look at verified local data for your area.,hi,2024-05-16T19:04:28
919,76104411-249f-47aa-9f24-fdca9d214362,parent,"What if he gets injured, or can't study further?",hi,2024-05-16T19:06:28
920,76104411-249f-47aa-9f24-fdca9d214362,ai,All centres follow strict safety protocols and this leads to diploma lateral entry.,hi,2024-05-16T19:08:28
921,a1ab6b57-7927-45ac-8218-cb49afe19a57,learner,"I am interested in this trade, but my parents want to know more.",hi,2024-07-11T03:58:41
922,a1ab6b57-7927-45ac-8218-cb49afe19a57,parent,Is this a respectable job? Will he actually earn enough?,hi,2024-07-11T04:00:41
923,a1ab6b57-7927-45ac-8218-cb49afe19a57,ai,I understand your concern. Let's look at verified local data for your area.,hi,2024-07-11T04:02:41
924,a1ab6b57-7927-45ac-8218-cb49afe19a57,parent,"What if he gets injured, or can't study further?",hi,2024-07-11T04:04:41
925,a1ab6b57-7927-45ac-8218-cb49afe19a57,ai,All centres follow strict safety protocols and this leads to diploma lateral entry.,hi,2024-07-11T04:06:41
926,2b7d45ce-09d7-48cd-9c35-109c7e796b88,learner,"I am interested in this trade, but my parents want to know more.",hi,2024-01-25T06:37:35
927,2b7d45ce-09d7-48cd-9c35-109c7e796b88,parent,Is this a respectable job? Will he actually earn enough?,hi,2024-01-25T06:39:35
928,2b7d45ce-09d7-48cd-9c35-109c7e796b88,ai,I understand your concern. Let's look at verified local data for your area.,hi,2024-01-25T06:41:35
929,2b7d45ce-09d7-48cd-9c35-109c7e796b88,parent,"What if he gets injured, or can't study further?",hi,2024-01-25T06:43:35
930,2b7d45ce-09d7-48cd-9c35-109c7e796b88,ai,All centres follow strict safety protocols and this leads to diploma lateral entry.,hi,2024-01-25T06:45:35
931,deb6a38b-6741-4715-b398-327d54d87a58,learner,"I am interested in this trade, but my parents want to know more.",hi,2024-05-12T12:10:54
932,deb6a38b-6741-4715-b398-327d54d87a58,parent,Is this a respectable job? Will he actually earn enough?,hi,2024-05-12T12:12:54
933,deb6a38b-6741-4715-b398-327d54d87a58,ai,I understand your concern. Let's look at verified local data for your area.,hi,2024-05-12T12:14:54
934,deb6a38b-6741-4715-b398-327d54d87a58,parent,"What if he gets injured, or can't study further?",hi,2024-05-12T12:16:54
935,deb6a38b-6741-4715-b398-327d54d87a58,ai,All centres follow strict safety protocols and this leads to diploma lateral entry.,hi,2024-05-12T12:18:54
936,40629c5d-28c9-49c6-a1e7-08d4ac1b4f32,learner,"I am interested in this trade, but my parents want to know more.",te,2024-02-05T22:22:02
937,40629c5d-28c9-49c6-a1e7-08d4ac1b4f32,parent,Is this a respectable job? Will he actually earn enough?,te,2024-02-05T22:24:02
938,40629c5d-28c9-49c6-a1e7-08d4ac1b4f32,ai,I understand your concern. Let's look at verified local data for your area.,te,2024-02-05T22:26:02
939,40629c5d-28c9-49c6-a1e7-08d4ac1b4f32,parent,"What if he gets injured, or can't study further?",te,2024-02-05T22:28:02
940,40629c5d-28c9-49c6-a1e7-08d4ac1b4f32,ai,All centres follow strict safety protocols and this leads to diploma lateral entry.,te,2024-02-05T22:30:02
941,87837bf1-fe9d-4c75-8be7-3c3003382a8b,learner,"I am interested in this trade, but my parents want to know more.",te,2024-03-04T15:29:58
942,87837bf1-fe9d-4c75-8be7-3c3003382a8b,parent,Is this a respectable job? Will he actually earn enough?,te,2024-03-04T15:31:58
943,87837bf1-fe9d-4c75-8be7-3c3003382a8b,ai,I understand your concern. Let's look at verified local data for your area.,te,2024-03-04T15:33:58
944,87837bf1-fe9d-4c75-8be7-3c3003382a8b,parent,"What if he gets injured, or can't study further?",te,2024-03-04T15:35:58
945,87837bf1-fe9d-4c75-8be7-3c3003382a8b,ai,All centres follow strict safety protocols and this leads to diploma lateral entry.,te,2024-03-04T15:37:58
946,14359ed6-f553-4fe9-89db-caf3b32c6ba7,learner,"I am interested in this trade, but my parents want to know more.",hi,2024-05-11T21:58:53
947,14359ed6-f553-4fe9-89db-caf3b32c6ba7,parent,Is this a respectable job? Will he actually earn enough?,hi,2024-05-11T22:00:53
948,14359ed6-f553-4fe9-89db-caf3b32c6ba7,ai,I understand your concern. Let's look at verified local data for your area.,hi,2024-05-11T22:02:53
949,14359ed6-f553-4fe9-89db-caf3b32c6ba7,parent,"What if he gets injured, or can't study further?",hi,2024-05-11T22:04:53
950,14359ed6-f553-4fe9-89db-caf3b32c6ba7,ai,All centres follow strict safety protocols and this leads to diploma lateral entry.,hi,2024-05-11T22:06:53
951,c30b115a-281d-4c43-999b-ea19410aa3fb,learner,"I am interested in this trade, but my parents want to know more.",hi,2024-08-04T23:56:37
952,c30b115a-281d-4c43-999b-ea19410aa3fb,parent,Is this a respectable job? Will he actually earn enough?,hi,2024-08-04T23:58:37
953,c30b115a-281d-4c43-999b-ea19410aa3fb,ai,I understand your concern. Let's look at verified local data for your area.,hi,2024-08-05T00:00:37
954,c30b115a-281d-4c43-999b-ea19410aa3fb,parent,"What if he gets injured, or can't study further?",hi,2024-08-05T00:02:37
955,c30b115a-281d-4c43-999b-ea19410aa3fb,ai,All centres follow strict safety protocols and this leads to diploma lateral entry.,hi,2024-08-05T00:04:37
956,31a50d06-4b70-449a-b15f-e14a29c720de,learner,"I am interested in this trade, but my parents want to know more.",en,2024-01-03T16:20:05
957,31a50d06-4b70-449a-b15f-e14a29c720de,parent,Is this a respectable job? Will he actually earn enough?,en,2024-01-03T16:22:05
958,31a50d06-4b70-449a-b15f-e14a29c720de,ai,I understand your concern. Let's look at verified local data for your area.,en,2024-01-03T16:24:05
959,31a50d06-4b70-449a-b15f-e14a29c720de,parent,"What if he gets injured, or can't study further?",en,2024-01-03T16:26:05
960,31a50d06-4b70-449a-b15f-e14a29c720de,ai,All centres follow strict safety protocols and this leads to diploma lateral entry.,en,2024-01-03T16:28:05
961,85894325-198c-4534-92cb-53b605f6af0a,learner,"I am interested in this trade, but my parents want to know more.",te,2024-05-03T02:13:22
962,85894325-198c-4534-92cb-53b605f6af0a,parent,Is this a respectable job? Will he actually earn enough?,te,2024-05-03T02:15:22
963,85894325-198c-4534-92cb-53b605f6af0a,ai,I understand your concern. Let's look at verified local data for your area.,te,2024-05-03T02:17:22
964,85894325-198c-4534-92cb-53b605f6af0a,parent,"What if he gets injured, or can't study further?",te,2024-05-03T02:19:22
965,85894325-198c-4534-92cb-53b605f6af0a,ai,All centres follow strict safety protocols and this leads to diploma lateral entry.,te,2024-05-03T02:21:22
966,30a681ff-ad7a-413d-b095-59e134cd5dfa,learner,"I am interested in this trade, but my parents want to know more.",en,2024-08-23T10:03:06
967,30a681ff-ad7a-413d-b095-59e134cd5dfa,parent,Is this a respectable job? Will he actually earn enough?,en,2024-08-23T10:05:06
968,30a681ff-ad7a-413d-b095-59e134cd5dfa,ai,I understand your concern. Let's look at verified local data for your area.,en,2024-08-23T10:07:06
969,30a681ff-ad7a-413d-b095-59e134cd5dfa,parent,"What if he gets injured, or can't study further?",en,2024-08-23T10:09:06
970,30a681ff-ad7a-413d-b095-59e134cd5dfa,ai,All centres follow strict safety protocols and this leads to diploma lateral entry.,en,2024-08-23T10:11:06
971,ee3e6e78-3478-4b28-98ef-8729635f7002,learner,"I am interested in this trade, but my parents want to know more.",te,2024-05-04T10:26:55
972,ee3e6e78-3478-4b28-98ef-8729635f7002,parent,Is this a respectable job? Will he actually earn enough?,te,2024-05-04T10:28:55
973,ee3e6e78-3478-4b28-98ef-8729635f7002,ai,I understand your concern. Let's look at verified local data for your area.,te,2024-05-04T10:30:55
974,ee3e6e78-3478-4b28-98ef-8729635f7002,parent,"What if he gets injured, or can't study further?",te,2024-05-04T10:32:55
975,ee3e6e78-3478-4b28-98ef-8729635f7002,ai,All centres follow strict safety protocols and this leads to diploma lateral entry.,te,2024-05-04T10:34:55
976,ef3611d5-b76c-4baf-aad7-ec1649f68918,learner,"I am interested in this trade, but my parents want to know more.",hi,2024-02-16T01:48:11
977,ef3611d5-b76c-4baf-aad7-ec1649f68918,parent,Is this a respectable job? Will he actually earn enough?,hi,2024-02-16T01:50:11
978,ef3611d5-b76c-4baf-aad7-ec1649f68918,ai,I understand your concern. Let's look at verified local data for your area.,hi,2024-02-16T01:52:11
979,ef3611d5-b76c-4baf-aad7-ec1649f68918,parent,"What if he gets injured, or can't study further?",hi,2024-02-16T01:54:11
980,ef3611d5-b76c-4baf-aad7-ec1649f68918,ai,All centres follow strict safety protocols and this leads to diploma lateral entry.,hi,2024-02-16T01:56:11
981,a2923112-80f0-4344-b623-fbfb61cc9c3d,learner,"I am interested in this trade, but my parents want to know more.",hi,2024-02-16T14:22:35
982,a2923112-80f0-4344-b623-fbfb61cc9c3d,parent,Is this a respectable job? Will he actually earn enough?,hi,2024-02-16T14:24:35
983,a2923112-80f0-4344-b623-fbfb61cc9c3d,ai,I understand your concern. Let's look at verified local data for your area.,hi,2024-02-16T14:26:35
984,a2923112-80f0-4344-b623-fbfb61cc9c3d,parent,"What if he gets injured, or can't study further?",hi,2024-02-16T14:28:35
985,a2923112-80f0-4344-b623-fbfb61cc9c3d,ai,All centres follow strict safety protocols and this leads to diploma lateral entry.,hi,2024-02-16T14:30:35
986,cb5bd35a-e87a-48c9-8a5c-ee2c355a80d9,learner,"I am interested in this trade, but my parents want to know more.",hi,2024-04-29T19:48:28
987,cb5bd35a-e87a-48c9-8a5c-ee2c355a80d9,parent,Is this a respectable job? Will he actually earn enough?,hi,2024-04-29T19:50:28
988,cb5bd35a-e87a-48c9-8a5c-ee2c355a80d9,ai,I understand your concern. Let's look at verified local data for your area.,hi,2024-04-29T19:52:28
989,cb5bd35a-e87a-48c9-8a5c-ee2c355a80d9,parent,"What if he gets injured, or can't study further?",hi,2024-04-29T19:54:28
990,cb5bd35a-e87a-48c9-8a5c-ee2c355a80d9,ai,All centres follow strict safety protocols and this leads to diploma lateral entry.,hi,2024-04-29T19:56:28
991,7efa81bb-0710-41ea-a103-f7e8189b115a,learner,"I am interested in this trade, but my parents want to know more.",en,2024-04-06T02:13:42
992,7efa81bb-0710-41ea-a103-f7e8189b115a,parent,Is this a respectable job? Will he actually earn enough?,en,2024-04-06T02:15:42
993,7efa81bb-0710-41ea-a103-f7e8189b115a,ai,I understand your concern. Let's look at verified local data for your area.,en,2024-04-06T02:17:42
994,7efa81bb-0710-41ea-a103-f7e8189b115a,parent,"What if he gets injured, or can't study further?",en,2024-04-06T02:19:42
995,7efa81bb-0710-41ea-a103-f7e8189b115a,ai,All centres follow strict safety protocols and this leads to diploma lateral entry.,en,2024-04-06T02:21:42
996,4caa4ec2-b780-4e0a-b115-66d2b7a7ec75,learner,"I am interested in this trade, but my parents want to know more.",hi,2024-07-08T11:26:42
997,4caa4ec2-b780-4e0a-b115-66d2b7a7ec75,parent,Is this a respectable job? Will he actually earn enough?,hi,2024-07-08T11:28:42
998,4caa4ec2-b780-4e0a-b115-66d2b7a7ec75,ai,I understand your concern. Let's look at verified local data for your area.,hi,2024-07-08T11:30:42
999,4caa4ec2-b780-4e0a-b115-66d2b7a7ec75,parent,"What if he gets injured, or can't study further?",hi,2024-07-08T11:32:42
1000,4caa4ec2-b780-4e0a-b115-66d2b7a7ec75,ai,All centres follow strict safety protocols and this leads to diploma lateral entry.,hi,2024-07-08T11:34:42
1001,1d7f84ca-d035-451d-a09c-ba320a7b9a7a,learner,"I am interested in this trade, but my parents want to know more.",en,2024-05-12T17:20:59
1002,1d7f84ca-d035-451d-a09c-ba320a7b9a7a,parent,Is this a respectable job? Will he actually earn enough?,en,2024-05-12T17:22:59
1003,1d7f84ca-d035-451d-a09c-ba320a7b9a7a,ai,I understand your concern. Let's look at verified local data for your area.,en,2024-05-12T17:24:59
1004,1d7f84ca-d035-451d-a09c-ba320a7b9a7a,parent,"What if he gets injured, or can't study further?",en,2024-05-12T17:26:59
1005,1d7f84ca-d035-451d-a09c-ba320a7b9a7a,ai,All centres follow strict safety protocols and this leads to diploma lateral entry.,en,2024-05-12T17:28:59
1006,8bd55d39-d2b2-41aa-96a9-c0c861dc630b,learner,"I am interested in this trade, but my parents want to know more.",te,2024-04-15T03:09:48
1007,8bd55d39-d2b2-41aa-96a9-c0c861dc630b,parent,Is this a respectable job? Will he actually earn enough?,te,2024-04-15T03:11:48
1008,8bd55d39-d2b2-41aa-96a9-c0c861dc630b,ai,I understand your concern. Let's look at verified local data for your area.,te,2024-04-15T03:13:48
1009,8bd55d39-d2b2-41aa-96a9-c0c861dc630b,parent,"What if he gets injured, or can't study further?",te,2024-04-15T03:15:48
1010,8bd55d39-d2b2-41aa-96a9-c0c861dc630b,ai,All centres follow strict safety protocols and this leads to diploma lateral entry.,te,2024-04-15T03:17:48
1011,b80c569d-7f82-4915-89fe-ca69ef7da914,learner,"I am interested in this trade, but my parents want to know more.",te,2024-07-03T10:50:25
1012,b80c569d-7f82-4915-89fe-ca69ef7da914,parent,Is this a respectable job? Will he actually earn enough?,te,2024-07-03T10:52:25
1013,b80c569d-7f82-4915-89fe-ca69ef7da914,ai,I understand your concern. Let's look at verified local data for your area.,te,2024-07-03T10:54:25
1014,b80c569d-7f82-4915-89fe-ca69ef7da914,parent,"What if he gets injured, or can't study further?",te,2024-07-03T10:56:25
1015,b80c569d-7f82-4915-89fe-ca69ef7da914,ai,All centres follow strict safety protocols and this leads to diploma lateral entry.,te,2024-07-03T10:58:25
1016,56af6afa-a2e5-49b1-8624-4eed9089128f,learner,"I am interested in this trade, but my parents want to know more.",en,2024-01-07T04:38:26
1017,56af6afa-a2e5-49b1-8624-4eed9089128f,parent,Is this a respectable job? Will he actually earn enough?,en,2024-01-07T04:40:26
1018,56af6afa-a2e5-49b1-8624-4eed9089128f,ai,I understand your concern. Let's look at verified local data for your area.,en,2024-01-07T04:42:26
1019,56af6afa-a2e5-49b1-8624-4eed9089128f,parent,"What if he gets injured, or can't study further?",en,2024-01-07T04:44:26
1020,56af6afa-a2e5-49b1-8624-4eed9089128f,ai,All centres follow strict safety protocols and this leads to diploma lateral entry.,en,2024-01-07T04:46:26
1021,c18cf9e0-0ea6-4b81-819e-72763be5cf02,learner,"I am interested in this trade, but my parents want to know more.",en,2024-09-04T19:43:15
1022,c18cf9e0-0ea6-4b81-819e-72763be5cf02,parent,Is this a respectable job? Will he actually earn enough?,en,2024-09-04T19:45:15
1023,c18cf9e0-0ea6-4b81-819e-72763be5cf02,ai,I understand your concern. Let's look at verified local data for your area.,en,2024-09-04T19:47:15
1024,c18cf9e0-0ea6-4b81-819e-72763be5cf02,parent,"What if he gets injured, or can't study further?",en,2024-09-04T19:49:15
1025,c18cf9e0-0ea6-4b81-819e-72763be5cf02,ai,All centres follow strict safety protocols and this leads to diploma lateral entry.,en,2024-09-04T19:51:15
1026,b20af4dd-00e4-4d7b-a296-2f486e418593,learner,"I am interested in this trade, but my parents want to know more.",hi,2024-01-10T14:33:44
1027,b20af4dd-00e4-4d7b-a296-2f486e418593,parent,Is this a respectable job? Will he actually earn enough?,hi,2024-01-10T14:35:44
1028,b20af4dd-00e4-4d7b-a296-2f486e418593,ai,I understand your concern. Let's look at verified local data for your area.,hi,2024-01-10T14:37:44
1029,b20af4dd-00e4-4d7b-a296-2f486e418593,parent,"What if he gets injured, or can't study further?",hi,2024-01-10T14:39:44
1030,b20af4dd-00e4-4d7b-a296-2f486e418593,ai,All centres follow strict safety protocols and this leads to diploma lateral entry.,hi,2024-01-10T14:41:44
1031,3c70ea99-41f3-4fd6-8c96-862f8e660a9a,learner,"I am interested in this trade, but my parents want to know more.",hi,2024-03-04T17:53:10
1032,3c70ea99-41f3-4fd6-8c96-862f8e660a9a,parent,Is this a respectable job? Will he actually earn enough?,hi,2024-03-04T17:55:10
1033,3c70ea99-41f3-4fd6-8c96-862f8e660a9a,ai,I understand your concern. Let's look at verified local data for your area.,hi,2024-03-04T17:57:10
1034,3c70ea99-41f3-4fd6-8c96-862f8e660a9a,parent,"What if he gets injured, or can't study further?",hi,2024-03-04T17:59:10
1035,3c70ea99-41f3-4fd6-8c96-862f8e660a9a,ai,All centres follow strict safety protocols and this leads to diploma lateral entry.,hi,2024-03-04T18:01:10
1036,97eaf6e6-e289-48ed-9a08-4253f6447fd2,learner,"I am interested in this trade, but my parents want to know more.",hi,2024-03-14T13:29:20
1037,97eaf6e6-e289-48ed-9a08-4253f6447fd2,parent,Is this a respectable job? Will he actually earn enough?,hi,2024-03-14T13:31:20
1038,97eaf6e6-e289-48ed-9a08-4253f6447fd2,ai,I understand your concern. Let's look at verified local data for your area.,hi,2024-03-14T13:33:20
1039,97eaf6e6-e289-48ed-9a08-4253f6447fd2,parent,"What if he gets injured, or can't study further?",hi,2024-03-14T13:35:20
1040,97eaf6e6-e289-48ed-9a08-4253f6447fd2,ai,All centres follow strict safety protocols and this leads to diploma lateral entry.,hi,2024-03-14T13:37:20
1041,1ef6913d-e929-4873-a9bc-730155d3389e,learner,"I am interested in this trade, but my parents want to know more.",en,2024-04-15T00:20:27
1042,1ef6913d-e929-4873-a9bc-730155d3389e,parent,Is this a respectable job? Will he actually earn enough?,en,2024-04-15T00:22:27
1043,1ef6913d-e929-4873-a9bc-730155d3389e,ai,I understand your concern. Let's look at verified local data for your area.,en,2024-04-15T00:24:27
1044,1ef6913d-e929-4873-a9bc-730155d3389e,parent,"What if he gets injured, or can't study further?",en,2024-04-15T00:26:27
1045,1ef6913d-e929-4873-a9bc-730155d3389e,ai,All centres follow strict safety protocols and this leads to diploma lateral entry.,en,2024-04-15T00:28:27
1046,591fa452-f54e-4838-8f57-acc85da184a7,learner,"I am interested in this trade, but my parents want to know more.",te,2024-08-21T03:11:34
1047,591fa452-f54e-4838-8f57-acc85da184a7,parent,Is this a respectable job? Will he actually earn enough?,te,2024-08-21T03:13:34
1048,591fa452-f54e-4838-8f57-acc85da184a7,ai,I understand your concern. Let's look at verified local data for your area.,te,2024-08-21T03:15:34
1049,591fa452-f54e-4838-8f57-acc85da184a7,parent,"What if he gets injured, or can't study further?",te,2024-08-21T03:17:34
1050,591fa452-f54e-4838-8f57-acc85da184a7,ai,All centres follow strict safety protocols and this leads to diploma lateral entry.,te,2024-08-21T03:19:34
1051,b90de919-bec5-4ffc-872e-128006b00672,learner,"I am interested in this trade, but my parents want to know more.",en,2024-08-12T14:41:11
1052,b90de919-bec5-4ffc-872e-128006b00672,parent,Is this a respectable job? Will he actually earn enough?,en,2024-08-12T14:43:11
1053,b90de919-bec5-4ffc-872e-128006b00672,ai,I understand your concern. Let's look at verified local data for your area.,en,2024-08-12T14:45:11
1054,b90de919-bec5-4ffc-872e-128006b00672,parent,"What if he gets injured, or can't study further?",en,2024-08-12T14:47:11
1055,b90de919-bec5-4ffc-872e-128006b00672,ai,All centres follow strict safety protocols and this leads to diploma lateral entry.,en,2024-08-12T14:49:11
1056,49dcc7d3-d2c2-4792-9a54-4dfb836199b4,learner,"I am interested in this trade, but my parents want to know more.",en,2024-04-12T13:30:58
1057,49dcc7d3-d2c2-4792-9a54-4dfb836199b4,parent,Is this a respectable job? Will he actually earn enough?,en,2024-04-12T13:32:58
1058,49dcc7d3-d2c2-4792-9a54-4dfb836199b4,ai,I understand your concern. Let's look at verified local data for your area.,en,2024-04-12T13:34:58
1059,49dcc7d3-d2c2-4792-9a54-4dfb836199b4,parent,"What if he gets injured, or can't study further?",en,2024-04-12T13:36:58
1060,49dcc7d3-d2c2-4792-9a54-4dfb836199b4,ai,All centres follow strict safety protocols and this leads to diploma lateral entry.,en,2024-04-12T13:38:58
1061,e6b40a49-25de-4df2-aa16-ebd306a67699,learner,"I am interested in this trade, but my parents want to know more.",en,2024-04-19T22:25:39
1062,e6b40a49-25de-4df2-aa16-ebd306a67699,parent,Is this a respectable job? Will he actually earn enough?,en,2024-04-19T22:27:39
1063,e6b40a49-25de-4df2-aa16-ebd306a67699,ai,I understand your concern. Let's look at verified local data for your area.,en,2024-04-19T22:29:39
1064,e6b40a49-25de-4df2-aa16-ebd306a67699,parent,"What if he gets injured, or can't study further?",en,2024-04-19T22:31:39
1065,e6b40a49-25de-4df2-aa16-ebd306a67699,ai,All centres follow strict safety protocols and this leads to diploma lateral entry.,en,2024-04-19T22:33:39
1066,bc17adca-9aec-4b95-9ff0-d60aa6af7399,learner,"I am interested in this trade, but my parents want to know more.",en,2024-06-19T09:08:05
1067,bc17adca-9aec-4b95-9ff0-d60aa6af7399,parent,Is this a respectable job? Will he actually earn enough?,en,2024-06-19T09:10:05
1068,bc17adca-9aec-4b95-9ff0-d60aa6af7399,ai,I understand your concern. Let's look at verified local data for your area.,en,2024-06-19T09:12:05
1069,bc17adca-9aec-4b95-9ff0-d60aa6af7399,parent,"What if he gets injured, or can't study further?",en,2024-06-19T09:14:05
1070,bc17adca-9aec-4b95-9ff0-d60aa6af7399,ai,All centres follow strict safety protocols and this leads to diploma lateral entry.,en,2024-06-19T09:16:05
1071,49524b55-6c2f-4352-bb8b-f9babbf68923,learner,"I am interested in this trade, but my parents want to know more.",en,2024-03-29T02:53:00
1072,49524b55-6c2f-4352-bb8b-f9babbf68923,parent,Is this a respectable job? Will he actually earn enough?,en,2024-03-29T02:55:00
1073,49524b55-6c2f-4352-bb8b-f9babbf68923,ai,I understand your concern. Let's look at verified local data for your area.,en,2024-03-29T02:57:00
1074,49524b55-6c2f-4352-bb8b-f9babbf68923,parent,"What if he gets injured, or can't study further?",en,2024-03-29T02:59:00
1075,49524b55-6c2f-4352-bb8b-f9babbf68923,ai,All centres follow strict safety protocols and this leads to diploma lateral entry.,en,2024-03-29T03:01:00
1076,c3e7e367-b0c3-4f66-a651-d3cbe469562c,learner,"I am interested in this trade, but my parents want to know more.",en,2024-09-24T05:37:30
1077,c3e7e367-b0c3-4f66-a651-d3cbe469562c,parent,Is this a respectable job? Will he actually earn enough?,en,2024-09-24T05:39:30
1078,c3e7e367-b0c3-4f66-a651-d3cbe469562c,ai,I understand your concern. Let's look at verified local data for your area.,en,2024-09-24T05:41:30
1079,c3e7e367-b0c3-4f66-a651-d3cbe469562c,parent,"What if he gets injured, or can't study further?",en,2024-09-24T05:43:30
1080,c3e7e367-b0c3-4f66-a651-d3cbe469562c,ai,All centres follow strict safety protocols and this leads to diploma lateral entry.,en,2024-09-24T05:45:30
1081,1b54468b-4a1b-4b1f-b3bf-ff75bdbfb2a1,learner,"I am interested in this trade, but my parents want to know more.",hi,2024-09-24T17:23:22
1082,1b54468b-4a1b-4b1f-b3bf-ff75bdbfb2a1,parent,Is this a respectable job? Will he actually earn enough?,hi,2024-09-24T17:25:22
1083,1b54468b-4a1b-4b1f-b3bf-ff75bdbfb2a1,ai,I understand your concern. Let's look at verified local data for your area.,hi,2024-09-24T17:27:22
1084,1b54468b-4a1b-4b1f-b3bf-ff75bdbfb2a1,parent,"What if he gets injured, or can't study further?",hi,2024-09-24T17:29:22
1085,1b54468b-4a1b-4b1f-b3bf-ff75bdbfb2a1,ai,All centres follow strict safety protocols and this leads to diploma lateral entry.,hi,2024-09-24T17:31:22
1086,9d22f876-d36c-48d3-a184-62f547ba82f5,learner,"I am interested in this trade, but my parents want to know more.",hi,2024-03-26T20:47:17
1087,9d22f876-d36c-48d3-a184-62f547ba82f5,parent,Is this a respectable job? Will he actually earn enough?,hi,2024-03-26T20:49:17
1088,9d22f876-d36c-48d3-a184-62f547ba82f5,ai,I understand your concern. Let's look at verified local data for your area.,hi,2024-03-26T20:51:17
1089,9d22f876-d36c-48d3-a184-62f547ba82f5,parent,"What if he gets injured, or can't study further?",hi,2024-03-26T20:53:17
1090,9d22f876-d36c-48d3-a184-62f547ba82f5,ai,All centres follow strict safety protocols and this leads to diploma lateral entry.,hi,2024-03-26T20:55:17
1091,f7922882-aa0c-446b-b81b-467fce89f4c7,learner,"I am interested in this trade, but my parents want to know more.",hi,2024-09-15T11:42:31
1092,f7922882-aa0c-446b-b81b-467fce89f4c7,parent,Is this a respectable job? Will he actually earn enough?,hi,2024-09-15T11:44:31
1093,f7922882-aa0c-446b-b81b-467fce89f4c7,ai,I understand your concern. Let's look at verified local data for your area.,hi,2024-09-15T11:46:31
1094,f7922882-aa0c-446b-b81b-467fce89f4c7,parent,"What if he gets injured, or can't study further?",hi,2024-09-15T11:48:31
1095,f7922882-aa0c-446b-b81b-467fce89f4c7,ai,All centres follow strict safety protocols and this leads to diploma lateral entry.,hi,2024-09-15T11:50:31
1096,9372b69f-c111-4f0c-840a-7ef9f402e992,learner,"I am interested in this trade, but my parents want to know more.",hi,2024-07-24T11:10:46
1097,9372b69f-c111-4f0c-840a-7ef9f402e992,parent,Is this a respectable job? Will he actually earn enough?,hi,2024-07-24T11:12:46
1098,9372b69f-c111-4f0c-840a-7ef9f402e992,ai,I understand your concern. Let's look at verified local data for your area.,hi,2024-07-24T11:14:46
1099,9372b69f-c111-4f0c-840a-7ef9f402e992,parent,"What if he gets injured, or can't study further?",hi,2024-07-24T11:16:46
1100,9372b69f-c111-4f0c-840a-7ef9f402e992,ai,All centres follow strict safety protocols and this leads to diploma lateral entry.,hi,2024-07-24T11:18:46
1101,c64ac47e-3d7e-40ef-bcb6-b7af8b4a6bb1,learner,"I am interested in this trade, but my parents want to know more.",te,2024-06-17T06:08:36
1102,c64ac47e-3d7e-40ef-bcb6-b7af8b4a6bb1,parent,Is this a respectable job? Will he actually earn enough?,te,2024-06-17T06:10:36
1103,c64ac47e-3d7e-40ef-bcb6-b7af8b4a6bb1,ai,I understand your concern. Let's look at verified local data for your area.,te,2024-06-17T06:12:36
1104,c64ac47e-3d7e-40ef-bcb6-b7af8b4a6bb1,parent,"What if he gets injured, or can't study further?",te,2024-06-17T06:14:36
1105,c64ac47e-3d7e-40ef-bcb6-b7af8b4a6bb1,ai,All centres follow strict safety protocols and this leads to diploma lateral entry.,te,2024-06-17T06:16:36
1106,9ecb0eb8-20b3-400e-ba79-8808565436eb,learner,"I am interested in this trade, but my parents want to know more.",hi,2024-09-20T11:11:25
1107,9ecb0eb8-20b3-400e-ba79-8808565436eb,parent,Is this a respectable job? Will he actually earn enough?,hi,2024-09-20T11:13:25
1108,9ecb0eb8-20b3-400e-ba79-8808565436eb,ai,I understand your concern. Let's look at verified local data for your area.,hi,2024-09-20T11:15:25
1109,9ecb0eb8-20b3-400e-ba79-8808565436eb,parent,"What if he gets injured, or can't study further?",hi,2024-09-20T11:17:25
1110,9ecb0eb8-20b3-400e-ba79-8808565436eb,ai,All centres follow strict safety protocols and this leads to diploma lateral entry.,hi,2024-09-20T11:19:25
1111,c95ddb4d-7e6f-4922-ab95-110b86776be1,learner,"I am interested in this trade, but my parents want to know more.",te,2024-09-12T02:30:05
1112,c95ddb4d-7e6f-4922-ab95-110b86776be1,parent,Is this a respectable job? Will he actually earn enough?,te,2024-09-12T02:32:05
1113,c95ddb4d-7e6f-4922-ab95-110b86776be1,ai,I understand your concern. Let's look at verified local data for your area.,te,2024-09-12T02:34:05
1114,c95ddb4d-7e6f-4922-ab95-110b86776be1,parent,"What if he gets injured, or can't study further?",te,2024-09-12T02:36:05
1115,c95ddb4d-7e6f-4922-ab95-110b86776be1,ai,All centres follow strict safety protocols and this leads to diploma lateral entry.,te,2024-09-12T02:38:05
1116,c52f8202-f3af-44c4-af29-a20974b78fde,learner,"I am interested in this trade, but my parents want to know more.",hi,2024-06-24T05:32:57
1117,c52f8202-f3af-44c4-af29-a20974b78fde,parent,Is this a respectable job? Will he actually earn enough?,hi,2024-06-24T05:34:57
1118,c52f8202-f3af-44c4-af29-a20974b78fde,ai,I understand your concern. Let's look at verified local data for your area.,hi,2024-06-24T05:36:57
1119,c52f8202-f3af-44c4-af29-a20974b78fde,parent,"What if he gets injured, or can't study further?",hi,2024-06-24T05:38:57
1120,c52f8202-f3af-44c4-af29-a20974b78fde,ai,All centres follow strict safety protocols and this leads to diploma lateral entry.,hi,2024-06-24T05:40:57
1121,6fae7ebc-4056-4352-a4d6-08015093d9a2,learner,"I am interested in this trade, but my parents want to know more.",en,2024-09-16T00:30:07
1122,6fae7ebc-4056-4352-a4d6-08015093d9a2,parent,Is this a respectable job? Will he actually earn enough?,en,2024-09-16T00:32:07
1123,6fae7ebc-4056-4352-a4d6-08015093d9a2,ai,I understand your concern. Let's look at verified local data for your area.,en,2024-09-16T00:34:07
1124,6fae7ebc-4056-4352-a4d6-08015093d9a2,parent,"What if he gets injured, or can't study further?",en,2024-09-16T00:36:07
1125,6fae7ebc-4056-4352-a4d6-08015093d9a2,ai,All centres follow strict safety protocols and this leads to diploma lateral entry.,en,2024-09-16T00:38:07
1126,11183f72-d631-4775-9f4c-460c514da6d7,learner,"I am interested in this trade, but my parents want to know more.",hi,2024-01-20T01:18:58
1127,11183f72-d631-4775-9f4c-460c514da6d7,parent,Is this a respectable job? Will he actually earn enough?,hi,2024-01-20T01:20:58
1128,11183f72-d631-4775-9f4c-460c514da6d7,ai,I understand your concern. Let's look at verified local data for your area.,hi,2024-01-20T01:22:58
1129,11183f72-d631-4775-9f4c-460c514da6d7,parent,"What if he gets injured, or can't study further?",hi,2024-01-20T01:24:58
1130,11183f72-d631-4775-9f4c-460c514da6d7,ai,All centres follow strict safety protocols and this leads to diploma lateral entry.,hi,2024-01-20T01:26:58
1131,1e7bb510-981e-45a2-9b0b-5b55fd5cffbd,learner,"I am interested in this trade, but my parents want to know more.",hi,2024-03-08T02:35:53
1132,1e7bb510-981e-45a2-9b0b-5b55fd5cffbd,parent,Is this a respectable job? Will he actually earn enough?,hi,2024-03-08T02:37:53
1133,1e7bb510-981e-45a2-9b0b-5b55fd5cffbd,ai,I understand your concern. Let's look at verified local data for your area.,hi,2024-03-08T02:39:53
1134,1e7bb510-981e-45a2-9b0b-5b55fd5cffbd,parent,"What if he gets injured, or can't study further?",hi,2024-03-08T02:41:53
1135,1e7bb510-981e-45a2-9b0b-5b55fd5cffbd,ai,All centres follow strict safety protocols and this leads to diploma lateral entry.,hi,2024-03-08T02:43:53
1136,9257a37e-761b-4453-a905-afbc53a1a858,learner,"I am interested in this trade, but my parents want to know more.",hi,2024-09-05T01:30:18
1137,9257a37e-761b-4453-a905-afbc53a1a858,parent,Is this a respectable job? Will he actually earn enough?,hi,2024-09-05T01:32:18
1138,9257a37e-761b-4453-a905-afbc53a1a858,ai,I understand your concern. Let's look at verified local data for your area.,hi,2024-09-05T01:34:18
1139,9257a37e-761b-4453-a905-afbc53a1a858,parent,"What if he gets injured, or can't study further?",hi,2024-09-05T01:36:18
1140,9257a37e-761b-4453-a905-afbc53a1a858,ai,All centres follow strict safety protocols and this leads to diploma lateral entry.,hi,2024-09-05T01:38:18
1141,e79f86f8-0f73-4aba-bfe6-a79863913173,learner,"I am interested in this trade, but my parents want to know more.",hi,2024-06-02T19:36:16
1142,e79f86f8-0f73-4aba-bfe6-a79863913173,parent,Is this a respectable job? Will he actually earn enough?,hi,2024-06-02T19:38:16
1143,e79f86f8-0f73-4aba-bfe6-a79863913173,ai,I understand your concern. Let's look at verified local data for your area.,hi,2024-06-02T19:40:16
1144,e79f86f8-0f73-4aba-bfe6-a79863913173,parent,"What if he gets injured, or can't study further?",hi,2024-06-02T19:42:16
1145,e79f86f8-0f73-4aba-bfe6-a79863913173,ai,All centres follow strict safety protocols and this leads to diploma lateral entry.,hi,2024-06-02T19:44:16
1146,6fc7df04-b39a-431a-9396-9bc5a38b3306,learner,"I am interested in this trade, but my parents want to know more.",hi,2024-06-20T03:47:34
1147,6fc7df04-b39a-431a-9396-9bc5a38b3306,parent,Is this a respectable job? Will he actually earn enough?,hi,2024-06-20T03:49:34
1148,6fc7df04-b39a-431a-9396-9bc5a38b3306,ai,I understand your concern. Let's look at verified local data for your area.,hi,2024-06-20T03:51:34
1149,6fc7df04-b39a-431a-9396-9bc5a38b3306,parent,"What if he gets injured, or can't study further?",hi,2024-06-20T03:53:34
1150,6fc7df04-b39a-431a-9396-9bc5a38b3306,ai,All centres follow strict safety protocols and this leads to diploma lateral entry.,hi,2024-06-20T03:55:34
1151,14f95d42-bf90-4779-b778-05f3d5729c11,learner,"I am interested in this trade, but my parents want to know more.",en,2024-01-26T05:52:03
1152,14f95d42-bf90-4779-b778-05f3d5729c11,parent,Is this a respectable job? Will he actually earn enough?,en,2024-01-26T05:54:03
1153,14f95d42-bf90-4779-b778-05f3d5729c11,ai,I understand your concern. Let's look at verified local data for your area.,en,2024-01-26T05:56:03
1154,14f95d42-bf90-4779-b778-05f3d5729c11,parent,"What if he gets injured, or can't study further?",en,2024-01-26T05:58:03
1155,14f95d42-bf90-4779-b778-05f3d5729c11,ai,All centres follow strict safety protocols and this leads to diploma lateral entry.,en,2024-01-26T06:00:03
1156,ca8b445f-366a-42d4-8434-216ef0d99647,learner,"I am interested in this trade, but my parents want to know more.",en,2024-05-02T00:19:41
1157,ca8b445f-366a-42d4-8434-216ef0d99647,parent,Is this a respectable job? Will he actually earn enough?,en,2024-05-02T00:21:41
1158,ca8b445f-366a-42d4-8434-216ef0d99647,ai,I understand your concern. Let's look at verified local data for your area.,en,2024-05-02T00:23:41
1159,ca8b445f-366a-42d4-8434-216ef0d99647,parent,"What if he gets injured, or can't study further?",en,2024-05-02T00:25:41
1160,ca8b445f-366a-42d4-8434-216ef0d99647,ai,All centres follow strict safety protocols and this leads to diploma lateral entry.,en,2024-05-02T00:27:41
1161,e711a537-a609-4f05-b439-023ff2596824,learner,"I am interested in this trade, but my parents want to know more.",te,2024-03-07T20:43:22
1162,e711a537-a609-4f05-b439-023ff2596824,parent,Is this a respectable job? Will he actually earn enough?,te,2024-03-07T20:45:22
1163,e711a537-a609-4f05-b439-023ff2596824,ai,I understand your concern. Let's look at verified local data for your area.,te,2024-03-07T20:47:22
1164,e711a537-a609-4f05-b439-023ff2596824,parent,"What if he gets injured, or can't study further?",te,2024-03-07T20:49:22
1165,e711a537-a609-4f05-b439-023ff2596824,ai,All centres follow strict safety protocols and this leads to diploma lateral entry.,te,2024-03-07T20:51:22
1166,181ff55e-e132-4274-8ef4-1bea4020df0c,learner,"I am interested in this trade, but my parents want to know more.",en,2024-06-21T15:05:35
1167,181ff55e-e132-4274-8ef4-1bea4020df0c,parent,Is this a respectable job? Will he actually earn enough?,en,2024-06-21T15:07:35
1168,181ff55e-e132-4274-8ef4-1bea4020df0c,ai,I understand your concern. Let's look at verified local data for your area.,en,2024-06-21T15:09:35
1169,181ff55e-e132-4274-8ef4-1bea4020df0c,parent,"What if he gets injured, or can't study further?",en,2024-06-21T15:11:35
1170,181ff55e-e132-4274-8ef4-1bea4020df0c,ai,All centres follow strict safety protocols and this leads to diploma lateral entry.,en,2024-06-21T15:13:35
1171,e8ad3792-7cc7-4b75-9739-4be7b4d28209,learner,"I am interested in this trade, but my parents want to know more.",en,2024-05-08T08:28:32
1172,e8ad3792-7cc7-4b75-9739-4be7b4d28209,parent,Is this a respectable job? Will he actually earn enough?,en,2024-05-08T08:30:32
1173,e8ad3792-7cc7-4b75-9739-4be7b4d28209,ai,I understand your concern. Let's look at verified local data for your area.,en,2024-05-08T08:32:32
1174,e8ad3792-7cc7-4b75-9739-4be7b4d28209,parent,"What if he gets injured, or can't study further?",en,2024-05-08T08:34:32
1175,e8ad3792-7cc7-4b75-9739-4be7b4d28209,ai,All centres follow strict safety protocols and this leads to diploma lateral entry.,en,2024-05-08T08:36:32
1176,da9e6d63-60c7-4206-8bb1-8934e1c31f19,learner,"I am interested in this trade, but my parents want to know more.",en,2024-07-08T02:27:21
1177,da9e6d63-60c7-4206-8bb1-8934e1c31f19,parent,Is this a respectable job? Will he actually earn enough?,en,2024-07-08T02:29:21
1178,da9e6d63-60c7-4206-8bb1-8934e1c31f19,ai,I understand your concern. Let's look at verified local data for your area.,en,2024-07-08T02:31:21
1179,da9e6d63-60c7-4206-8bb1-8934e1c31f19,parent,"What if he gets injured, or can't study further?",en,2024-07-08T02:33:21
1180,da9e6d63-60c7-4206-8bb1-8934e1c31f19,ai,All centres follow strict safety protocols and this leads to diploma lateral entry.,en,2024-07-08T02:35:21
1181,83b08df2-894b-42c2-8505-42ffd93dfe1c,learner,"I am interested in this trade, but my parents want to know more.",hi,2024-08-29T23:23:57
1182,83b08df2-894b-42c2-8505-42ffd93dfe1c,parent,Is this a respectable job? Will he actually earn enough?,hi,2024-08-29T23:25:57
1183,83b08df2-894b-42c2-8505-42ffd93dfe1c,ai,I understand your concern. Let's look at verified local data for your area.,hi,2024-08-29T23:27:57
1184,83b08df2-894b-42c2-8505-42ffd93dfe1c,parent,"What if he gets injured, or can't study further?",hi,2024-08-29T23:29:57
1185,83b08df2-894b-42c2-8505-42ffd93dfe1c,ai,All centres follow strict safety protocols and this leads to diploma lateral entry.,hi,2024-08-29T23:31:57
1186,4cb2a5ee-9024-49c4-bce2-5d7c97656191,learner,"I am interested in this trade, but my parents want to know more.",hi,2024-05-31T20:13:11
1187,4cb2a5ee-9024-49c4-bce2-5d7c97656191,parent,Is this a respectable job? Will he actually earn enough?,hi,2024-05-31T20:15:11
1188,4cb2a5ee-9024-49c4-bce2-5d7c97656191,ai,I understand your concern. Let's look at verified local data for your area.,hi,2024-05-31T20:17:11
1189,4cb2a5ee-9024-49c4-bce2-5d7c97656191,parent,"What if he gets injured, or can't study further?",hi,2024-05-31T20:19:11
1190,4cb2a5ee-9024-49c4-bce2-5d7c97656191,ai,All centres follow strict safety protocols and this leads to diploma lateral entry.,hi,2024-05-31T20:21:11
1191,a61d4963-1dbd-4e92-815b-cf9519749558,learner,"I am interested in this trade, but my parents want to know more.",en,2024-02-09T23:37:42
1192,a61d4963-1dbd-4e92-815b-cf9519749558,parent,Is this a respectable job? Will he actually earn enough?,en,2024-02-09T23:39:42
1193,a61d4963-1dbd-4e92-815b-cf9519749558,ai,I understand your concern. Let's look at verified local data for your area.,en,2024-02-09T23:41:42
1194,a61d4963-1dbd-4e92-815b-cf9519749558,parent,"What if he gets injured, or can't study further?",en,2024-02-09T23:43:42
1195,a61d4963-1dbd-4e92-815b-cf9519749558,ai,All centres follow strict safety protocols and this leads to diploma lateral entry.,en,2024-02-09T23:45:42
1196,023a1289-a3b8-47dc-82f4-b8905a5ffd16,learner,"I am interested in this trade, but my parents want to know more.",hi,2024-05-05T10:35:52
1197,023a1289-a3b8-47dc-82f4-b8905a5ffd16,parent,Is this a respectable job? Will he actually earn enough?,hi,2024-05-05T10:37:52
1198,023a1289-a3b8-47dc-82f4-b8905a5ffd16,ai,I understand your concern. Let's look at verified local data for your area.,hi,2024-05-05T10:39:52
1199,023a1289-a3b8-47dc-82f4-b8905a5ffd16,parent,"What if he gets injured, or can't study further?",hi,2024-05-05T10:41:52
1200,023a1289-a3b8-47dc-82f4-b8905a5ffd16,ai,All centres follow strict safety protocols and this leads to diploma lateral entry.,hi,2024-05-05T10:43:52
1201,b50efb96-cc14-44ed-98ed-225d3724c3d6,learner,"I am interested in this trade, but my parents want to know more.",hi,2024-06-28T20:02:35
1202,b50efb96-cc14-44ed-98ed-225d3724c3d6,parent,Is this a respectable job? Will he actually earn enough?,hi,2024-06-28T20:04:35
1203,b50efb96-cc14-44ed-98ed-225d3724c3d6,ai,I understand your concern. Let's look at verified local data for your area.,hi,2024-06-28T20:06:35
1204,b50efb96-cc14-44ed-98ed-225d3724c3d6,parent,"What if he gets injured, or can't study further?",hi,2024-06-28T20:08:35
1205,b50efb96-cc14-44ed-98ed-225d3724c3d6,ai,All centres follow strict safety protocols and this leads to diploma lateral entry.,hi,2024-06-28T20:10:35
1206,2f378118-878a-41ca-bb20-304f3e5a11ce,learner,"I am interested in this trade, but my parents want to know more.",hi,2024-08-19T19:02:30
1207,2f378118-878a-41ca-bb20-304f3e5a11ce,parent,Is this a respectable job? Will he actually earn enough?,hi,2024-08-19T19:04:30
1208,2f378118-878a-41ca-bb20-304f3e5a11ce,ai,I understand your concern. Let's look at verified local data for your area.,hi,2024-08-19T19:06:30
1209,2f378118-878a-41ca-bb20-304f3e5a11ce,parent,"What if he gets injured, or can't study further?",hi,2024-08-19T19:08:30
1210,2f378118-878a-41ca-bb20-304f3e5a11ce,ai,All centres follow strict safety protocols and this leads to diploma lateral entry.,hi,2024-08-19T19:10:30
1211,527fa978-1a48-4393-a39e-95e1de64df58,learner,"I am interested in this trade, but my parents want to know more.",te,2024-03-19T16:51:12
1212,527fa978-1a48-4393-a39e-95e1de64df58,parent,Is this a respectable job? Will he actually earn enough?,te,2024-03-19T16:53:12
1213,527fa978-1a48-4393-a39e-95e1de64df58,ai,I understand your concern. Let's look at verified local data for your area.,te,2024-03-19T16:55:12
1214,527fa978-1a48-4393-a39e-95e1de64df58,parent,"What if he gets injured, or can't study further?",te,2024-03-19T16:57:12
1215,527fa978-1a48-4393-a39e-95e1de64df58,ai,All centres follow strict safety protocols and this leads to diploma lateral entry.,te,2024-03-19T16:59:12
1216,3379405c-9956-4268-beeb-f5fc50f94fe6,learner,"I am interested in this trade, but my parents want to know more.",te,2024-09-01T13:31:37
1217,3379405c-9956-4268-beeb-f5fc50f94fe6,parent,Is this a respectable job? Will he actually earn enough?,te,2024-09-01T13:33:37
1218,3379405c-9956-4268-beeb-f5fc50f94fe6,ai,I understand your concern. Let's look at verified local data for your area.,te,2024-09-01T13:35:37
1219,3379405c-9956-4268-beeb-f5fc50f94fe6,parent,"What if he gets injured, or can't study further?",te,2024-09-01T13:37:37
1220,3379405c-9956-4268-beeb-f5fc50f94fe6,ai,All centres follow strict safety protocols and this leads to diploma lateral entry.,te,2024-09-01T13:39:37
1221,d3efdd92-9c73-4b98-bcf9-1b5e9a448a82,learner,"I am interested in this trade, but my parents want to know more.",en,2024-05-23T04:54:22
1222,d3efdd92-9c73-4b98-bcf9-1b5e9a448a82,parent,Is this a respectable job? Will he actually earn enough?,en,2024-05-23T04:56:22
1223,d3efdd92-9c73-4b98-bcf9-1b5e9a448a82,ai,I understand your concern. Let's look at verified local data for your area.,en,2024-05-23T04:58:22
1224,d3efdd92-9c73-4b98-bcf9-1b5e9a448a82,parent,"What if he gets injured, or can't study further?",en,2024-05-23T05:00:22
1225,d3efdd92-9c73-4b98-bcf9-1b5e9a448a82,ai,All centres follow strict safety protocols and this leads to diploma lateral entry.,en,2024-05-23T05:02:22
1226,af3ae37c-b9a8-4d2f-b5d1-f790a94b7373,learner,"I am interested in this trade, but my parents want to know more.",te,2024-07-10T09:52:56
1227,af3ae37c-b9a8-4d2f-b5d1-f790a94b7373,parent,Is this a respectable job? Will he actually earn enough?,te,2024-07-10T09:54:56
1228,af3ae37c-b9a8-4d2f-b5d1-f790a94b7373,ai,I understand your concern. Let's look at verified local data for your area.,te,2024-07-10T09:56:56
1229,af3ae37c-b9a8-4d2f-b5d1-f790a94b7373,parent,"What if he gets injured, or can't study further?",te,2024-07-10T09:58:56
1230,af3ae37c-b9a8-4d2f-b5d1-f790a94b7373,ai,All centres follow strict safety protocols and this leads to diploma lateral entry.,te,2024-07-10T10:00:56
1231,b91b5b10-7f17-4705-86d1-6113bf15f4d1,learner,"I am interested in this trade, but my parents want to know more.",hi,2024-03-16T09:09:22
1232,b91b5b10-7f17-4705-86d1-6113bf15f4d1,parent,Is this a respectable job? Will he actually earn enough?,hi,2024-03-16T09:11:22
1233,b91b5b10-7f17-4705-86d1-6113bf15f4d1,ai,I understand your concern. Let's look at verified local data for your area.,hi,2024-03-16T09:13:22
1234,b91b5b10-7f17-4705-86d1-6113bf15f4d1,parent,"What if he gets injured, or can't study further?",hi,2024-03-16T09:15:22
1235,b91b5b10-7f17-4705-86d1-6113bf15f4d1,ai,All centres follow strict safety protocols and this leads to diploma lateral entry.,hi,2024-03-16T09:17:22
1236,584be2e2-aef8-4a68-9cbc-0fa09d8b4bc3,learner,"I am interested in this trade, but my parents want to know more.",hi,2024-07-02T10:11:16
1237,584be2e2-aef8-4a68-9cbc-0fa09d8b4bc3,parent,Is this a respectable job? Will he actually earn enough?,hi,2024-07-02T10:13:16
1238,584be2e2-aef8-4a68-9cbc-0fa09d8b4bc3,ai,I understand your concern. Let's look at verified local data for your area.,hi,2024-07-02T10:15:16
1239,584be2e2-aef8-4a68-9cbc-0fa09d8b4bc3,parent,"What if he gets injured, or can't study further?",hi,2024-07-02T10:17:16
1240,584be2e2-aef8-4a68-9cbc-0fa09d8b4bc3,ai,All centres follow strict safety protocols and this leads to diploma lateral entry.,hi,2024-07-02T10:19:16
1241,cd040325-d865-4e37-b414-9944298b6226,learner,"I am interested in this trade, but my parents want to know more.",hi,2024-06-06T06:11:31
1242,cd040325-d865-4e37-b414-9944298b6226,parent,Is this a respectable job? Will he actually earn enough?,hi,2024-06-06T06:13:31
1243,cd040325-d865-4e37-b414-9944298b6226,ai,I understand your concern. Let's look at verified local data for your area.,hi,2024-06-06T06:15:31
1244,cd040325-d865-4e37-b414-9944298b6226,parent,"What if he gets injured, or can't study further?",hi,2024-06-06T06:17:31
1245,cd040325-d865-4e37-b414-9944298b6226,ai,All centres follow strict safety protocols and this leads to diploma lateral entry.,hi,2024-06-06T06:19:31
1246,f68ba13b-796f-498d-8182-37e0663a022c,learner,"I am interested in this trade, but my parents want to know more.",te,2024-02-08T21:22:59
1247,f68ba13b-796f-498d-8182-37e0663a022c,parent,Is this a respectable job? Will he actually earn enough?,te,2024-02-08T21:24:59
1248,f68ba13b-796f-498d-8182-37e0663a022c,ai,I understand your concern. Let's look at verified local data for your area.,te,2024-02-08T21:26:59
1249,f68ba13b-796f-498d-8182-37e0663a022c,parent,"What if he gets injured, or can't study further?",te,2024-02-08T21:28:59
1250,f68ba13b-796f-498d-8182-37e0663a022c,ai,All centres follow strict safety protocols and this leads to diploma lateral entry.,te,2024-02-08T21:30:59
1251,1fefa0d9-19ab-46e7-a357-7190fc4378db,learner,"I am interested in this trade, but my parents want to know more.",hi,2024-03-09T19:45:53
1252,1fefa0d9-19ab-46e7-a357-7190fc4378db,parent,Is this a respectable job? Will he actually earn enough?,hi,2024-03-09T19:47:53
1253,1fefa0d9-19ab-46e7-a357-7190fc4378db,ai,I understand your concern. Let's look at verified local data for your area.,hi,2024-03-09T19:49:53
1254,1fefa0d9-19ab-46e7-a357-7190fc4378db,parent,"What if he gets injured, or can't study further?",hi,2024-03-09T19:51:53
1255,1fefa0d9-19ab-46e7-a357-7190fc4378db,ai,All centres follow strict safety protocols and this leads to diploma lateral entry.,hi,2024-03-09T19:53:53
1256,21a44e14-2e69-46d8-9ef6-82d72b442343,learner,"I am interested in this trade, but my parents want to know more.",hi,2024-02-20T15:04:51
1257,21a44e14-2e69-46d8-9ef6-82d72b442343,parent,Is this a respectable job? Will he actually earn enough?,hi,2024-02-20T15:06:51
1258,21a44e14-2e69-46d8-9ef6-82d72b442343,ai,I understand your concern. Let's look at verified local data for your area.,hi,2024-02-20T15:08:51
1259,21a44e14-2e69-46d8-9ef6-82d72b442343,parent,"What if he gets injured, or can't study further?",hi,2024-02-20T15:10:51
1260,21a44e14-2e69-46d8-9ef6-82d72b442343,ai,All centres follow strict safety protocols and this leads to diploma lateral entry.,hi,2024-02-20T15:12:51
1261,899a95c5-0a9c-4c81-9533-988759856b61,learner,"I am interested in this trade, but my parents want to know more.",te,2024-04-25T20:36:07
1262,899a95c5-0a9c-4c81-9533-988759856b61,parent,Is this a respectable job? Will he actually earn enough?,te,2024-04-25T20:38:07
1263,899a95c5-0a9c-4c81-9533-988759856b61,ai,I understand your concern. Let's look at verified local data for your area.,te,2024-04-25T20:40:07
1264,899a95c5-0a9c-4c81-9533-988759856b61,parent,"What if he gets injured, or can't study further?",te,2024-04-25T20:42:07
1265,899a95c5-0a9c-4c81-9533-988759856b61,ai,All centres follow strict safety protocols and this leads to diploma lateral entry.,te,2024-04-25T20:44:07
1266,c0e2b056-fe30-4bf5-92f8-1baa17b5053c,learner,"I am interested in this trade, but my parents want to know more.",en,2024-06-01T10:12:09
1267,c0e2b056-fe30-4bf5-92f8-1baa17b5053c,parent,Is this a respectable job? Will he actually earn enough?,en,2024-06-01T10:14:09
1268,c0e2b056-fe30-4bf5-92f8-1baa17b5053c,ai,I understand your concern. Let's look at verified local data for your area.,en,2024-06-01T10:16:09
1269,c0e2b056-fe30-4bf5-92f8-1baa17b5053c,parent,"What if he gets injured, or can't study further?",en,2024-06-01T10:18:09
1270,c0e2b056-fe30-4bf5-92f8-1baa17b5053c,ai,All centres follow strict safety protocols and this leads to diploma lateral entry.,en,2024-06-01T10:20:09
1271,ab194b5f-7797-465d-a74b-dd86cb7d1c60,learner,"I am interested in this trade, but my parents want to know more.",te,2024-04-13T01:16:28
1272,ab194b5f-7797-465d-a74b-dd86cb7d1c60,parent,Is this a respectable job? Will he actually earn enough?,te,2024-04-13T01:18:28
1273,ab194b5f-7797-465d-a74b-dd86cb7d1c60,ai,I understand your concern. Let's look at verified local data for your area.,te,2024-04-13T01:20:28
1274,ab194b5f-7797-465d-a74b-dd86cb7d1c60,parent,"What if he gets injured, or can't study further?",te,2024-04-13T01:22:28
1275,ab194b5f-7797-465d-a74b-dd86cb7d1c60,ai,All centres follow strict safety protocols and this leads to diploma lateral entry.,te,2024-04-13T01:24:28
1276,5adcdeda-d3bf-409b-a841-b924d03565c3,learner,"I am interested in this trade, but my parents want to know more.",te,2024-06-06T18:01:42
1277,5adcdeda-d3bf-409b-a841-b924d03565c3,parent,Is this a respectable job? Will he actually earn enough?,te,2024-06-06T18:03:42
1278,5adcdeda-d3bf-409b-a841-b924d03565c3,ai,I understand your concern. Let's look at verified local data for your area.,te,2024-06-06T18:05:42
1279,5adcdeda-d3bf-409b-a841-b924d03565c3,parent,"What if he gets injured, or can't study further?",te,2024-06-06T18:07:42
1280,5adcdeda-d3bf-409b-a841-b924d03565c3,ai,All centres follow strict safety protocols and this leads to diploma lateral entry.,te,2024-06-06T18:09:42
1281,6a9fea6d-d928-405c-be46-20f91dec915d,learner,"I am interested in this trade, but my parents want to know more.",te,2024-05-03T12:57:24
1282,6a9fea6d-d928-405c-be46-20f91dec915d,parent,Is this a respectable job? Will he actually earn enough?,te,2024-05-03T12:59:24
1283,6a9fea6d-d928-405c-be46-20f91dec915d,ai,I understand your concern. Let's look at verified local data for your area.,te,2024-05-03T13:01:24
1284,6a9fea6d-d928-405c-be46-20f91dec915d,parent,"What if he gets injured, or can't study further?",te,2024-05-03T13:03:24
1285,6a9fea6d-d928-405c-be46-20f91dec915d,ai,All centres follow strict safety protocols and this leads to diploma lateral entry.,te,2024-05-03T13:05:24
1286,7dc01bf7-fce2-4d01-b3e4-2e82844e39c3,learner,"I am interested in this trade, but my parents want to know more.",hi,2024-02-03T09:37:03
1287,7dc01bf7-fce2-4d01-b3e4-2e82844e39c3,parent,Is this a respectable job? Will he actually earn enough?,hi,2024-02-03T09:39:03
1288,7dc01bf7-fce2-4d01-b3e4-2e82844e39c3,ai,I understand your concern. Let's look at verified local data for your area.,hi,2024-02-03T09:41:03
1289,7dc01bf7-fce2-4d01-b3e4-2e82844e39c3,parent,"What if he gets injured, or can't study further?",hi,2024-02-03T09:43:03
1290,7dc01bf7-fce2-4d01-b3e4-2e82844e39c3,ai,All centres follow strict safety protocols and this leads to diploma lateral entry.,hi,2024-02-03T09:45:03
1291,2754d250-e68d-4e15-83ea-9cb981c0744b,learner,"I am interested in this trade, but my parents want to know more.",hi,2024-05-26T07:34:51
1292,2754d250-e68d-4e15-83ea-9cb981c0744b,parent,Is this a respectable job? Will he actually earn enough?,hi,2024-05-26T07:36:51
1293,2754d250-e68d-4e15-83ea-9cb981c0744b,ai,I understand your concern. Let's look at verified local data for your area.,hi,2024-05-26T07:38:51
1294,2754d250-e68d-4e15-83ea-9cb981c0744b,parent,"What if he gets injured, or can't study further?",hi,2024-05-26T07:40:51
1295,2754d250-e68d-4e15-83ea-9cb981c0744b,ai,All centres follow strict safety protocols and this leads to diploma lateral entry.,hi,2024-05-26T07:42:51
1296,0703c169-dfaa-47e8-a905-90c28e898669,learner,"I am interested in this trade, but my parents want to know more.",en,2024-08-29T21:51:23
1297,0703c169-dfaa-47e8-a905-90c28e898669,parent,Is this a respectable job? Will he actually earn enough?,en,2024-08-29T21:53:23
1298,0703c169-dfaa-47e8-a905-90c28e898669,ai,I understand your concern. Let's look at verified local data for your area.,en,2024-08-29T21:55:23
1299,0703c169-dfaa-47e8-a905-90c28e898669,parent,"What if he gets injured, or can't study further?",en,2024-08-29T21:57:23
1300,0703c169-dfaa-47e8-a905-90c28e898669,ai,All centres follow strict safety protocols and this leads to diploma lateral entry.,en,2024-08-29T21:59:23
1301,f19c58dc-9380-4853-824d-d3bc09c73844,learner,"I am interested in this trade, but my parents want to know more.",te,2024-03-27T14:41:02
1302,f19c58dc-9380-4853-824d-d3bc09c73844,parent,Is this a respectable job? Will he actually earn enough?,te,2024-03-27T14:43:02
1303,f19c58dc-9380-4853-824d-d3bc09c73844,ai,I understand your concern. Let's look at verified local data for your area.,te,2024-03-27T14:45:02
1304,f19c58dc-9380-4853-824d-d3bc09c73844,parent,"What if he gets injured, or can't study further?",te,2024-03-27T14:47:02
1305,f19c58dc-9380-4853-824d-d3bc09c73844,ai,All centres follow strict safety protocols and this leads to diploma lateral entry.,te,2024-03-27T14:49:02
1306,a64cb243-b1e9-4bac-9377-abab5825b8f0,learner,"I am interested in this trade, but my parents want to know more.",te,2024-01-31T03:49:56
1307,a64cb243-b1e9-4bac-9377-abab5825b8f0,parent,Is this a respectable job? Will he actually earn enough?,te,2024-01-31T03:51:56
1308,a64cb243-b1e9-4bac-9377-abab5825b8f0,ai,I understand your concern. Let's look at verified local data for your area.,te,2024-01-31T03:53:56
1309,a64cb243-b1e9-4bac-9377-abab5825b8f0,parent,"What if he gets injured, or can't study further?",te,2024-01-31T03:55:56
1310,a64cb243-b1e9-4bac-9377-abab5825b8f0,ai,All centres follow strict safety protocols and this leads to diploma lateral entry.,te,2024-01-31T03:57:56
1311,165c106b-b8fd-47c0-8599-8046bd48c658,learner,"I am interested in this trade, but my parents want to know more.",te,2024-07-25T20:56:23
1312,165c106b-b8fd-47c0-8599-8046bd48c658,parent,Is this a respectable job? Will he actually earn enough?,te,2024-07-25T20:58:23
1313,165c106b-b8fd-47c0-8599-8046bd48c658,ai,I understand your concern. Let's look at verified local data for your area.,te,2024-07-25T21:00:23
1314,165c106b-b8fd-47c0-8599-8046bd48c658,parent,"What if he gets injured, or can't study further?",te,2024-07-25T21:02:23
1315,165c106b-b8fd-47c0-8599-8046bd48c658,ai,All centres follow strict safety protocols and this leads to diploma lateral entry.,te,2024-07-25T21:04:23
1316,bdd78ecc-58e7-41cb-990c-75f465ac8115,learner,"I am interested in this trade, but my parents want to know more.",hi,2024-06-07T00:53:34
1317,bdd78ecc-58e7-41cb-990c-75f465ac8115,parent,Is this a respectable job? Will he actually earn enough?,hi,2024-06-07T00:55:34
1318,bdd78ecc-58e7-41cb-990c-75f465ac8115,ai,I understand your concern. Let's look at verified local data for your area.,hi,2024-06-07T00:57:34
1319,bdd78ecc-58e7-41cb-990c-75f465ac8115,parent,"What if he gets injured, or can't study further?",hi,2024-06-07T00:59:34
1320,bdd78ecc-58e7-41cb-990c-75f465ac8115,ai,All centres follow strict safety protocols and this leads to diploma lateral entry.,hi,2024-06-07T01:01:34
1321,ac6b495c-9551-4fe6-ad5e-415069a1941e,learner,"I am interested in this trade, but my parents want to know more.",en,2024-07-31T18:49:32
1322,ac6b495c-9551-4fe6-ad5e-415069a1941e,parent,Is this a respectable job? Will he actually earn enough?,en,2024-07-31T18:51:32
1323,ac6b495c-9551-4fe6-ad5e-415069a1941e,ai,I understand your concern. Let's look at verified local data for your area.,en,2024-07-31T18:53:32
1324,ac6b495c-9551-4fe6-ad5e-415069a1941e,parent,"What if he gets injured, or can't study further?",en,2024-07-31T18:55:32
1325,ac6b495c-9551-4fe6-ad5e-415069a1941e,ai,All centres follow strict safety protocols and this leads to diploma lateral entry.,en,2024-07-31T18:57:32
1326,3117e17d-0b2b-4393-97ca-14026ac0e1e2,learner,"I am interested in this trade, but my parents want to know more.",te,2024-01-31T16:52:37
1327,3117e17d-0b2b-4393-97ca-14026ac0e1e2,parent,Is this a respectable job? Will he actually earn enough?,te,2024-01-31T16:54:37
1328,3117e17d-0b2b-4393-97ca-14026ac0e1e2,ai,I understand your concern. Let's look at verified local data for your area.,te,2024-01-31T16:56:37
1329,3117e17d-0b2b-4393-97ca-14026ac0e1e2,parent,"What if he gets injured, or can't study further?",te,2024-01-31T16:58:37
1330,3117e17d-0b2b-4393-97ca-14026ac0e1e2,ai,All centres follow strict safety protocols and this leads to diploma lateral entry.,te,2024-01-31T17:00:37
1331,9674fe0c-f901-4a37-8c0e-637d1f243099,learner,"I am interested in this trade, but my parents want to know more.",hi,2024-07-10T14:57:34
1332,9674fe0c-f901-4a37-8c0e-637d1f243099,parent,Is this a respectable job? Will he actually earn enough?,hi,2024-07-10T14:59:34
1333,9674fe0c-f901-4a37-8c0e-637d1f243099,ai,I understand your concern. Let's look at verified local data for your area.,hi,2024-07-10T15:01:34
1334,9674fe0c-f901-4a37-8c0e-637d1f243099,parent,"What if he gets injured, or can't study further?",hi,2024-07-10T15:03:34
1335,9674fe0c-f901-4a37-8c0e-637d1f243099,ai,All centres follow strict safety protocols and this leads to diploma lateral entry.,hi,2024-07-10T15:05:34
1336,c845525f-53c9-4167-8465-7fca26a190f5,learner,"I am interested in this trade, but my parents want to know more.",en,2024-02-05T09:16:54
1337,c845525f-53c9-4167-8465-7fca26a190f5,parent,Is this a respectable job? Will he actually earn enough?,en,2024-02-05T09:18:54
1338,c845525f-53c9-4167-8465-7fca26a190f5,ai,I understand your concern. Let's look at verified local data for your area.,en,2024-02-05T09:20:54
1339,c845525f-53c9-4167-8465-7fca26a190f5,parent,"What if he gets injured, or can't study further?",en,2024-02-05T09:22:54
1340,c845525f-53c9-4167-8465-7fca26a190f5,ai,All centres follow strict safety protocols and this leads to diploma lateral entry.,en,2024-02-05T09:24:54
1341,94a4d308-d129-4f4f-a627-24081180eb07,learner,"I am interested in this trade, but my parents want to know more.",en,2024-07-29T19:52:34
1342,94a4d308-d129-4f4f-a627-24081180eb07,parent,Is this a respectable job? Will he actually earn enough?,en,2024-07-29T19:54:34
1343,94a4d308-d129-4f4f-a627-24081180eb07,ai,I understand your concern. Let's look at verified local data for your area.,en,2024-07-29T19:56:34
1344,94a4d308-d129-4f4f-a627-24081180eb07,parent,"What if he gets injured, or can't study further?",en,2024-07-29T19:58:34
1345,94a4d308-d129-4f4f-a627-24081180eb07,ai,All centres follow strict safety protocols and this leads to diploma lateral entry.,en,2024-07-29T20:00:34
1346,d2a86999-ed72-4a2e-8280-1e56aa761d7d,learner,"I am interested in this trade, but my parents want to know more.",hi,2024-04-26T14:20:07
1347,d2a86999-ed72-4a2e-8280-1e56aa761d7d,parent,Is this a respectable job? Will he actually earn enough?,hi,2024-04-26T14:22:07
1348,d2a86999-ed72-4a2e-8280-1e56aa761d7d,ai,I understand your concern. Let's look at verified local data for your area.,hi,2024-04-26T14:24:07
1349,d2a86999-ed72-4a2e-8280-1e56aa761d7d,parent,"What if he gets injured, or can't study further?",hi,2024-04-26T14:26:07
1350,d2a86999-ed72-4a2e-8280-1e56aa761d7d,ai,All centres follow strict safety protocols and this leads to diploma lateral entry.,hi,2024-04-26T14:28:07
1351,6a4a72f1-f73c-43fe-bf68-a8c50b857c24,learner,"I am interested in this trade, but my parents want to know more.",en,2024-05-06T06:41:28
1352,6a4a72f1-f73c-43fe-bf68-a8c50b857c24,parent,Is this a respectable job? Will he actually earn enough?,en,2024-05-06T06:43:28
1353,6a4a72f1-f73c-43fe-bf68-a8c50b857c24,ai,I understand your concern. Let's look at verified local data for your area.,en,2024-05-06T06:45:28
1354,6a4a72f1-f73c-43fe-bf68-a8c50b857c24,parent,"What if he gets injured, or can't study further?",en,2024-05-06T06:47:28
1355,6a4a72f1-f73c-43fe-bf68-a8c50b857c24,ai,All centres follow strict safety protocols and this leads to diploma lateral entry.,en,2024-05-06T06:49:28
1356,835ba36c-4ef3-4c84-afc7-c5b84e5be8ec,learner,"I am interested in this trade, but my parents want to know more.",te,2024-05-22T22:58:41
1357,835ba36c-4ef3-4c84-afc7-c5b84e5be8ec,parent,Is this a respectable job? Will he actually earn enough?,te,2024-05-22T23:00:41
1358,835ba36c-4ef3-4c84-afc7-c5b84e5be8ec,ai,I understand your concern. Let's look at verified local data for your area.,te,2024-05-22T23:02:41
1359,835ba36c-4ef3-4c84-afc7-c5b84e5be8ec,parent,"What if he gets injured, or can't study further?",te,2024-05-22T23:04:41
1360,835ba36c-4ef3-4c84-afc7-c5b84e5be8ec,ai,All centres follow strict safety protocols and this leads to diploma lateral entry.,te,2024-05-22T23:06:41
1361,d74f812a-233d-4154-bc33-60cc0e2fc4d1,learner,"I am interested in this trade, but my parents want to know more.",te,2024-07-06T06:14:20
1362,d74f812a-233d-4154-bc33-60cc0e2fc4d1,parent,Is this a respectable job? Will he actually earn enough?,te,2024-07-06T06:16:20
1363,d74f812a-233d-4154-bc33-60cc0e2fc4d1,ai,I understand your concern. Let's look at verified local data for your area.,te,2024-07-06T06:18:20
1364,d74f812a-233d-4154-bc33-60cc0e2fc4d1,parent,"What if he gets injured, or can't study further?",te,2024-07-06T06:20:20
1365,d74f812a-233d-4154-bc33-60cc0e2fc4d1,ai,All centres follow strict safety protocols and this leads to diploma lateral entry.,te,2024-07-06T06:22:20
1366,f3e7fba0-d5b6-4811-8aad-71c154865d08,learner,"I am interested in this trade, but my parents want to know more.",te,2024-02-07T16:05:22
1367,f3e7fba0-d5b6-4811-8aad-71c154865d08,parent,Is this a respectable job? Will he actually earn enough?,te,2024-02-07T16:07:22
1368,f3e7fba0-d5b6-4811-8aad-71c154865d08,ai,I understand your concern. Let's look at verified local data for your area.,te,2024-02-07T16:09:22
1369,f3e7fba0-d5b6-4811-8aad-71c154865d08,parent,"What if he gets injured, or can't study further?",te,2024-02-07T16:11:22
1370,f3e7fba0-d5b6-4811-8aad-71c154865d08,ai,All centres follow strict safety protocols and this leads to diploma lateral entry.,te,2024-02-07T16:13:22
1371,375316ac-dc97-4054-9cfa-be61e2d2aee1,learner,"I am interested in this trade, but my parents want to know more.",hi,2024-07-14T06:58:19
1372,375316ac-dc97-4054-9cfa-be61e2d2aee1,parent,Is this a respectable job? Will he actually earn enough?,hi,2024-07-14T07:00:19
1373,375316ac-dc97-4054-9cfa-be61e2d2aee1,ai,I understand your concern. Let's look at verified local data for your area.,hi,2024-07-14T07:02:19
1374,375316ac-dc97-4054-9cfa-be61e2d2aee1,parent,"What if he gets injured, or can't study further?",hi,2024-07-14T07:04:19
1375,375316ac-dc97-4054-9cfa-be61e2d2aee1,ai,All centres follow strict safety protocols and this leads to diploma lateral entry.,hi,2024-07-14T07:06:19
1376,94af182d-64dd-4fb2-92b3-1eb7fd389232,learner,"I am interested in this trade, but my parents want to know more.",te,2024-03-27T19:08:33
1377,94af182d-64dd-4fb2-92b3-1eb7fd389232,parent,Is this a respectable job? Will he actually earn enough?,te,2024-03-27T19:10:33
1378,94af182d-64dd-4fb2-92b3-1eb7fd389232,ai,I understand your concern. Let's look at verified local data for your area.,te,2024-03-27T19:12:33
1379,94af182d-64dd-4fb2-92b3-1eb7fd389232,parent,"What if he gets injured, or can't study further?",te,2024-03-27T19:14:33
1380,94af182d-64dd-4fb2-92b3-1eb7fd389232,ai,All centres follow strict safety protocols and this leads to diploma lateral entry.,te,2024-03-27T19:16:33
1381,664810aa-f915-42bf-9b92-cb2c26fe60ea,learner,"I am interested in this trade, but my parents want to know more.",en,2024-08-18T10:48:16
1382,664810aa-f915-42bf-9b92-cb2c26fe60ea,parent,Is this a respectable job? Will he actually earn enough?,en,2024-08-18T10:50:16
1383,664810aa-f915-42bf-9b92-cb2c26fe60ea,ai,I understand your concern. Let's look at verified local data for your area.,en,2024-08-18T10:52:16
1384,664810aa-f915-42bf-9b92-cb2c26fe60ea,parent,"What if he gets injured, or can't study further?",en,2024-08-18T10:54:16
1385,664810aa-f915-42bf-9b92-cb2c26fe60ea,ai,All centres follow strict safety protocols and this leads to diploma lateral entry.,en,2024-08-18T10:56:16
1386,3a50bd87-660e-4ac1-b3d8-65e1f15832b2,learner,"I am interested in this trade, but my parents want to know more.",en,2024-04-16T13:58:30
1387,3a50bd87-660e-4ac1-b3d8-65e1f15832b2,parent,Is this a respectable job? Will he actually earn enough?,en,2024-04-16T14:00:30
1388,3a50bd87-660e-4ac1-b3d8-65e1f15832b2,ai,I understand your concern. Let's look at verified local data for your area.,en,2024-04-16T14:02:30
1389,3a50bd87-660e-4ac1-b3d8-65e1f15832b2,parent,"What if he gets injured, or can't study further?",en,2024-04-16T14:04:30
1390,3a50bd87-660e-4ac1-b3d8-65e1f15832b2,ai,All centres follow strict safety protocols and this leads to diploma lateral entry.,en,2024-04-16T14:06:30
1391,d32c61b4-2540-43c9-be68-0caf6ac1ea48,learner,"I am interested in this trade, but my parents want to know more.",te,2024-09-11T06:23:12
1392,d32c61b4-2540-43c9-be68-0caf6ac1ea48,parent,Is this a respectable job? Will he actually earn enough?,te,2024-09-11T06:25:12
1393,d32c61b4-2540-43c9-be68-0caf6ac1ea48,ai,I understand your concern. Let's look at verified local data for your area.,te,2024-09-11T06:27:12
1394,d32c61b4-2540-43c9-be68-0caf6ac1ea48,parent,"What if he gets injured, or can't study further?",te,2024-09-11T06:29:12
1395,d32c61b4-2540-43c9-be68-0caf6ac1ea48,ai,All centres follow strict safety protocols and this leads to diploma lateral entry.,te,2024-09-11T06:31:12
1396,85e10d73-a101-43d9-95ef-9ba2e89d7c35,learner,"I am interested in this trade, but my parents want to know more.",en,2024-02-24T18:33:20
1397,85e10d73-a101-43d9-95ef-9ba2e89d7c35,parent,Is this a respectable job? Will he actually earn enough?,en,2024-02-24T18:35:20
1398,85e10d73-a101-43d9-95ef-9ba2e89d7c35,ai,I understand your concern. Let's look at verified local data for your area.,en,2024-02-24T18:37:20
1399,85e10d73-a101-43d9-95ef-9ba2e89d7c35,parent,"What if he gets injured, or can't study further?",en,2024-02-24T18:39:20
1400,85e10d73-a101-43d9-95ef-9ba2e89d7c35,ai,All centres follow strict safety protocols and this leads to diploma lateral entry.,en,2024-02-24T18:41:20
1401,5f6ffbcd-e933-466c-acf4-7a468059cfc1,learner,"I am interested in this trade, but my parents want to know more.",en,2024-02-05T01:29:03
1402,5f6ffbcd-e933-466c-acf4-7a468059cfc1,parent,Is this a respectable job? Will he actually earn enough?,en,2024-02-05T01:31:03
1403,5f6ffbcd-e933-466c-acf4-7a468059cfc1,ai,I understand your concern. Let's look at verified local data for your area.,en,2024-02-05T01:33:03
1404,5f6ffbcd-e933-466c-acf4-7a468059cfc1,parent,"What if he gets injured, or can't study further?",en,2024-02-05T01:35:03
1405,5f6ffbcd-e933-466c-acf4-7a468059cfc1,ai,All centres follow strict safety protocols and this leads to diploma lateral entry.,en,2024-02-05T01:37:03
1406,cd6b8189-3df2-4696-80fb-83873550af59,learner,"I am interested in this trade, but my parents want to know more.",hi,2024-07-18T14:41:56
1407,cd6b8189-3df2-4696-80fb-83873550af59,parent,Is this a respectable job? Will he actually earn enough?,hi,2024-07-18T14:43:56
1408,cd6b8189-3df2-4696-80fb-83873550af59,ai,I understand your concern. Let's look at verified local data for your area.,hi,2024-07-18T14:45:56
1409,cd6b8189-3df2-4696-80fb-83873550af59,parent,"What if he gets injured, or can't study further?",hi,2024-07-18T14:47:56
1410,cd6b8189-3df2-4696-80fb-83873550af59,ai,All centres follow strict safety protocols and this leads to diploma lateral entry.,hi,2024-07-18T14:49:56
1411,289700ea-07f2-46ea-bab3-28318cc13f6d,learner,"I am interested in this trade, but my parents want to know more.",te,2024-07-21T04:22:13
1412,289700ea-07f2-46ea-bab3-28318cc13f6d,parent,Is this a respectable job? Will he actually earn enough?,te,2024-07-21T04:24:13
1413,289700ea-07f2-46ea-bab3-28318cc13f6d,ai,I understand your concern. Let's look at verified local data for your area.,te,2024-07-21T04:26:13
1414,289700ea-07f2-46ea-bab3-28318cc13f6d,parent,"What if he gets injured, or can't study further?",te,2024-07-21T04:28:13
1415,289700ea-07f2-46ea-bab3-28318cc13f6d,ai,All centres follow strict safety protocols and this leads to diploma lateral entry.,te,2024-07-21T04:30:13
1416,33887e1a-18db-446b-a820-46aef5910d85,learner,"I am interested in this trade, but my parents want to know more.",en,2024-04-20T05:45:47
1417,33887e1a-18db-446b-a820-46aef5910d85,parent,Is this a respectable job? Will he actually earn enough?,en,2024-04-20T05:47:47
1418,33887e1a-18db-446b-a820-46aef5910d85,ai,I understand your concern. Let's look at verified local data for your area.,en,2024-04-20T05:49:47
1419,33887e1a-18db-446b-a820-46aef5910d85,parent,"What if he gets injured, or can't study further?",en,2024-04-20T05:51:47
1420,33887e1a-18db-446b-a820-46aef5910d85,ai,All centres follow strict safety protocols and this leads to diploma lateral entry.,en,2024-04-20T05:53:47
1421,cdb15e7b-a65c-432c-908c-5e1d2881aa8f,learner,"I am interested in this trade, but my parents want to know more.",en,2024-02-25T02:40:45
1422,cdb15e7b-a65c-432c-908c-5e1d2881aa8f,parent,Is this a respectable job? Will he actually earn enough?,en,2024-02-25T02:42:45
1423,cdb15e7b-a65c-432c-908c-5e1d2881aa8f,ai,I understand your concern. Let's look at verified local data for your area.,en,2024-02-25T02:44:45
1424,cdb15e7b-a65c-432c-908c-5e1d2881aa8f,parent,"What if he gets injured, or can't study further?",en,2024-02-25T02:46:45
1425,cdb15e7b-a65c-432c-908c-5e1d2881aa8f,ai,All centres follow strict safety protocols and this leads to diploma lateral entry.,en,2024-02-25T02:48:45
1426,91eb90c9-83c7-49bc-aaec-a4250e49dbdb,learner,"I am interested in this trade, but my parents want to know more.",te,2024-01-19T12:31:25
1427,91eb90c9-83c7-49bc-aaec-a4250e49dbdb,parent,Is this a respectable job? Will he actually earn enough?,te,2024-01-19T12:33:25
1428,91eb90c9-83c7-49bc-aaec-a4250e49dbdb,ai,I understand your concern. Let's look at verified local data for your area.,te,2024-01-19T12:35:25
1429,91eb90c9-83c7-49bc-aaec-a4250e49dbdb,parent,"What if he gets injured, or can't study further?",te,2024-01-19T12:37:25
1430,91eb90c9-83c7-49bc-aaec-a4250e49dbdb,ai,All centres follow strict safety protocols and this leads to diploma lateral entry.,te,2024-01-19T12:39:25
1431,9e170905-5c5f-4cfb-9d39-ef2ea31bc10f,learner,"I am interested in this trade, but my parents want to know more.",te,2024-06-01T06:41:34
1432,9e170905-5c5f-4cfb-9d39-ef2ea31bc10f,parent,Is this a respectable job? Will he actually earn enough?,te,2024-06-01T06:43:34
1433,9e170905-5c5f-4cfb-9d39-ef2ea31bc10f,ai,I understand your concern. Let's look at verified local data for your area.,te,2024-06-01T06:45:34
1434,9e170905-5c5f-4cfb-9d39-ef2ea31bc10f,parent,"What if he gets injured, or can't study further?",te,2024-06-01T06:47:34
1435,9e170905-5c5f-4cfb-9d39-ef2ea31bc10f,ai,All centres follow strict safety protocols and this leads to diploma lateral entry.,te,2024-06-01T06:49:34
1436,2aa680b7-db78-412b-b652-d19fe03b0603,learner,"I am interested in this trade, but my parents want to know more.",te,2024-02-12T05:57:34
1437,2aa680b7-db78-412b-b652-d19fe03b0603,parent,Is this a respectable job? Will he actually earn enough?,te,2024-02-12T05:59:34
1438,2aa680b7-db78-412b-b652-d19fe03b0603,ai,I understand your concern. Let's look at verified local data for your area.,te,2024-02-12T06:01:34
1439,2aa680b7-db78-412b-b652-d19fe03b0603,parent,"What if he gets injured, or can't study further?",te,2024-02-12T06:03:34
1440,2aa680b7-db78-412b-b652-d19fe03b0603,ai,All centres follow strict safety protocols and this leads to diploma lateral entry.,te,2024-02-12T06:05:34
1441,70d71e6f-d9ff-417b-bbd3-071f5ddb0e38,learner,"I am interested in this trade, but my parents want to know more.",en,2024-07-11T23:09:10
1442,70d71e6f-d9ff-417b-bbd3-071f5ddb0e38,parent,Is this a respectable job? Will he actually earn enough?,en,2024-07-11T23:11:10
1443,70d71e6f-d9ff-417b-bbd3-071f5ddb0e38,ai,I understand your concern. Let's look at verified local data for your area.,en,2024-07-11T23:13:10
1444,70d71e6f-d9ff-417b-bbd3-071f5ddb0e38,parent,"What if he gets injured, or can't study further?",en,2024-07-11T23:15:10
1445,70d71e6f-d9ff-417b-bbd3-071f5ddb0e38,ai,All centres follow strict safety protocols and this leads to diploma lateral entry.,en,2024-07-11T23:17:10
1446,c75f6b1d-0a39-4c7b-9bfc-8dd5865142e8,learner,"I am interested in this trade, but my parents want to know more.",te,2024-02-11T04:35:19
1447,c75f6b1d-0a39-4c7b-9bfc-8dd5865142e8,parent,Is this a respectable job? Will he actually earn enough?,te,2024-02-11T04:37:19
1448,c75f6b1d-0a39-4c7b-9bfc-8dd5865142e8,ai,I understand your concern. Let's look at verified local data for your area.,te,2024-02-11T04:39:19
1449,c75f6b1d-0a39-4c7b-9bfc-8dd5865142e8,parent,"What if he gets injured, or can't study further?",te,2024-02-11T04:41:19
1450,c75f6b1d-0a39-4c7b-9bfc-8dd5865142e8,ai,All centres follow strict safety protocols and this leads to diploma lateral entry.,te,2024-02-11T04:43:19
1451,ac141ea9-cea3-4254-8b43-e21f9a2426f6,learner,"I am interested in this trade, but my parents want to know more.",hi,2024-07-10T15:56:40
1452,ac141ea9-cea3-4254-8b43-e21f9a2426f6,parent,Is this a respectable job? Will he actually earn enough?,hi,2024-07-10T15:58:40
1453,ac141ea9-cea3-4254-8b43-e21f9a2426f6,ai,I understand your concern. Let's look at verified local data for your area.,hi,2024-07-10T16:00:40
1454,ac141ea9-cea3-4254-8b43-e21f9a2426f6,parent,"What if he gets injured, or can't study further?",hi,2024-07-10T16:02:40
1455,ac141ea9-cea3-4254-8b43-e21f9a2426f6,ai,All centres follow strict safety protocols and this leads to diploma lateral entry.,hi,2024-07-10T16:04:40
1456,43c680ea-d93b-4197-adf9-8bfe26db9bb0,learner,"I am interested in this trade, but my parents want to know more.",en,2024-07-16T09:38:09
1457,43c680ea-d93b-4197-adf9-8bfe26db9bb0,parent,Is this a respectable job? Will he actually earn enough?,en,2024-07-16T09:40:09
1458,43c680ea-d93b-4197-adf9-8bfe26db9bb0,ai,I understand your concern. Let's look at verified local data for your area.,en,2024-07-16T09:42:09
1459,43c680ea-d93b-4197-adf9-8bfe26db9bb0,parent,"What if he gets injured, or can't study further?",en,2024-07-16T09:44:09
1460,43c680ea-d93b-4197-adf9-8bfe26db9bb0,ai,All centres follow strict safety protocols and this leads to diploma lateral entry.,en,2024-07-16T09:46:09
1461,3337bf13-83b6-4918-aea1-2ff446fc8225,learner,"I am interested in this trade, but my parents want to know more.",en,2024-08-16T02:01:31
1462,3337bf13-83b6-4918-aea1-2ff446fc8225,parent,Is this a respectable job? Will he actually earn enough?,en,2024-08-16T02:03:31
1463,3337bf13-83b6-4918-aea1-2ff446fc8225,ai,I understand your concern. Let's look at verified local data for your area.,en,2024-08-16T02:05:31
1464,3337bf13-83b6-4918-aea1-2ff446fc8225,parent,"What if he gets injured, or can't study further?",en,2024-08-16T02:07:31
1465,3337bf13-83b6-4918-aea1-2ff446fc8225,ai,All centres follow strict safety protocols and this leads to diploma lateral entry.,en,2024-08-16T02:09:31
1466,a4d9832f-0aad-4d26-8c30-1527de25502c,learner,"I am interested in this trade, but my parents want to know more.",en,2024-01-08T16:18:12
1467,a4d9832f-0aad-4d26-8c30-1527de25502c,parent,Is this a respectable job? Will he actually earn enough?,en,2024-01-08T16:20:12
1468,a4d9832f-0aad-4d26-8c30-1527de25502c,ai,I understand your concern. Let's look at verified local data for your area.,en,2024-01-08T16:22:12
1469,a4d9832f-0aad-4d26-8c30-1527de25502c,parent,"What if he gets injured, or can't study further?",en,2024-01-08T16:24:12
1470,a4d9832f-0aad-4d26-8c30-1527de25502c,ai,All centres follow strict safety protocols and this leads to diploma lateral entry.,en,2024-01-08T16:26:12
1471,0fa2ea66-3574-4e9a-b757-ddf01d6fbf9a,learner,"I am interested in this trade, but my parents want to know more.",hi,2024-05-04T01:51:42
1472,0fa2ea66-3574-4e9a-b757-ddf01d6fbf9a,parent,Is this a respectable job? Will he actually earn enough?,hi,2024-05-04T01:53:42
1473,0fa2ea66-3574-4e9a-b757-ddf01d6fbf9a,ai,I understand your concern. Let's look at verified local data for your area.,hi,2024-05-04T01:55:42
1474,0fa2ea66-3574-4e9a-b757-ddf01d6fbf9a,parent,"What if he gets injured, or can't study further?",hi,2024-05-04T01:57:42
1475,0fa2ea66-3574-4e9a-b757-ddf01d6fbf9a,ai,All centres follow strict safety protocols and this leads to diploma lateral entry.,hi,2024-05-04T01:59:42
1476,22e09c55-5a80-43db-a0b0-18cbdbe38fd6,learner,"I am interested in this trade, but my parents want to know more.",en,2024-04-06T01:16:15
1477,22e09c55-5a80-43db-a0b0-18cbdbe38fd6,parent,Is this a respectable job? Will he actually earn enough?,en,2024-04-06T01:18:15
1478,22e09c55-5a80-43db-a0b0-18cbdbe38fd6,ai,I understand your concern. Let's look at verified local data for your area.,en,2024-04-06T01:20:15
1479,22e09c55-5a80-43db-a0b0-18cbdbe38fd6,parent,"What if he gets injured, or can't study further?",en,2024-04-06T01:22:15
1480,22e09c55-5a80-43db-a0b0-18cbdbe38fd6,ai,All centres follow strict safety protocols and this leads to diploma lateral entry.,en,2024-04-06T01:24:15
1481,29bb96c5-6a95-4f05-affd-85cacd73e7e0,learner,"I am interested in this trade, but my parents want to know more.",en,2024-08-24T15:45:08
1482,29bb96c5-6a95-4f05-affd-85cacd73e7e0,parent,Is this a respectable job? Will he actually earn enough?,en,2024-08-24T15:47:08
1483,29bb96c5-6a95-4f05-affd-85cacd73e7e0,ai,I understand your concern. Let's look at verified local data for your area.,en,2024-08-24T15:49:08
1484,29bb96c5-6a95-4f05-affd-85cacd73e7e0,parent,"What if he gets injured, or can't study further?",en,2024-08-24T15:51:08
1485,29bb96c5-6a95-4f05-affd-85cacd73e7e0,ai,All centres follow strict safety protocols and this leads to diploma lateral entry.,en,2024-08-24T15:53:08
1486,842b387d-f904-482f-82f6-b7c3af4c6d2d,learner,"I am interested in this trade, but my parents want to know more.",hi,2024-04-25T19:32:22
1487,842b387d-f904-482f-82f6-b7c3af4c6d2d,parent,Is this a respectable job? Will he actually earn enough?,hi,2024-04-25T19:34:22
1488,842b387d-f904-482f-82f6-b7c3af4c6d2d,ai,I understand your concern. Let's look at verified local data for your area.,hi,2024-04-25T19:36:22
1489,842b387d-f904-482f-82f6-b7c3af4c6d2d,parent,"What if he gets injured, or can't study further?",hi,2024-04-25T19:38:22
1490,842b387d-f904-482f-82f6-b7c3af4c6d2d,ai,All centres follow strict safety protocols and this leads to diploma lateral entry.,hi,2024-04-25T19:40:22
1491,c5837364-1631-442c-b145-ea827d074b19,learner,"I am interested in this trade, but my parents want to know more.",hi,2024-02-27T05:50:19
1492,c5837364-1631-442c-b145-ea827d074b19,parent,Is this a respectable job? Will he actually earn enough?,hi,2024-02-27T05:52:19
1493,c5837364-1631-442c-b145-ea827d074b19,ai,I understand your concern. Let's look at verified local data for your area.,hi,2024-02-27T05:54:19
1494,c5837364-1631-442c-b145-ea827d074b19,parent,"What if he gets injured, or can't study further?",hi,2024-02-27T05:56:19
1495,c5837364-1631-442c-b145-ea827d074b19,ai,All centres follow strict safety protocols and this leads to diploma lateral entry.,hi,2024-02-27T05:58:19
1496,2d374859-14f0-4123-8776-2cb0dbc0d157,learner,"I am interested in this trade, but my parents want to know more.",hi,2024-03-15T02:16:55
1497,2d374859-14f0-4123-8776-2cb0dbc0d157,parent,Is this a respectable job? Will he actually earn enough?,hi,2024-03-15T02:18:55
1498,2d374859-14f0-4123-8776-2cb0dbc0d157,ai,I understand your concern. Let's look at verified local data for your area.,hi,2024-03-15T02:20:55
1499,2d374859-14f0-4123-8776-2cb0dbc0d157,parent,"What if he gets injured, or can't study further?",hi,2024-03-15T02:22:55
1500,2d374859-14f0-4123-8776-2cb0dbc0d157,ai,All centres follow strict safety protocols and this leads to diploma lateral entry.,hi,2024-03-15T02:24:55
